Month,Day,Year,Bank,EIC,SSea,Consols,Market_debt,Event,Shock,Gold Standard,Partly Expected War,Note,Neal Consol Series
4,30,1709,119.25,117.25,,,,,0,1,0,,1
5,31,1709,134,129,,,,,0,1,0,,1
6,30,1709,128.5,126.5,,,,,0,1,0,,1
7,30,1709,128,131.25,,,,,0,1,0,,1
8,31,1709,128.75,131.25,,,,,0,1,0,,1
9,30,1709,128.5,133.5,,,,,0,1,0,,1
10,31,1709,119.5,130.75,,,,,0,1,0,,1
11,30,1709,118.25,131.25,,,,,0,1,0,,1
12,31,1709,112,127,,,,,0,1,0,,1
1,31,1710,118,131,,,,,0,1,0,,1
2,28,1710,127,140,,,,,0,1,0,,1
3,31,1710,122.25,136.25,,,,,0,1,0,,1
4,29,1710,122.25,135,,,,,0,1,0,,1
5,31,1710,124,137.25,,,,,0,1,0,,1
6,30,1710,118.75,136.25,,,,,0,1,0,,1
7,31,1710,113.75,126.5,,,,,0,1,0,,1
8,31,1710,111.75,124.25,,,,,0,1,0,,1
9,30,1710,109.25,124.25,,,,,0,1,0,,1
10,31,1710,98.25,113.5,,,,,0,1,0,,1
11,30,1710,105.75,124,,,,,0,1,0,,1
12,30,1710,101,118,,,,,0,1,0,,1
1,31,1711,103,121.25,,,,,0,1,0,,1
2,28,1711,103.75,120.75,,,,,0,1,0,,1
3,31,1711,102.75,121.75,,,,,0,1,0,,1
4,30,1711,101.5,118.5,,,,,0,1,0,,1
5,31,1711,104.25,117.25,,,,,0,1,0,,1
6,30,1711,105,125.25,,,,,0,1,0,,1
7,31,1711,103.75,116.75,,,,,0,1,0,,1
8,31,1711,101.5,109.25,,,,,0,1,0,,1
9,29,1711,110.5,121,72,,,,0,1,0,,1
10,31,1711,108.75,124,75.5,,,,0,1,0,,1
11,30,1711,111.25,128.25,78.25,,,,0,1,0,,1
12,31,1711,108.5,123,75,,,,0,1,0,,1
1,31,1712,110.5,120.5,75,,,,0,1,0,,1
2,29,1712,112.75,118.75,74,,,,0,1,0,,1
3,31,1712,108,114.5,72,,,,0,1,0,,1
4,30,1712,111.5,117,74.5,,,,0,1,0,,1
5,31,1712,117,118,80,,,,0,1,0,,1
6,30,1712,112.7,110.75,78.75,,,,0,1,0,,1
7,31,1712,113,108.25,78.25,,,,0,1,0,,1
8,30,1712,116,114,77.25,,,,0,1,0,,1
9,30,1712,113.75,114.5,76.5,,,,0,1,0,,1
10,31,1712,115,116,78.5,,,,0,1,0,,1
11,29,1712,115.75,119,79.25,,,,0,1,0,,1
12,31,1712,123.25,126.5,86.25,,,,0,1,0,,1
1,31,1713,121.75,123,84,,,,0,1,0,,1
2,28,1713,122.5,120.75,83.25,,,,0,1,0,,1
3,31,1713,124.75,124.25,86.75,,,,0,1,0,,1
4,30,1713,122.5,122.5,91,,,,0,1,0,,1
5,30,1713,123.75,123.5,92.25,,,,0,1,0,,1
6,30,1713,126.5,124,95,,,,0,1,0,,1
7,31,1713,127.5,123.25,93.5,,,,0,1,0,,1
8,31,1713,130,127,93.75,,,,0,1,0,,1
9,30,1713,124.75,124,92.625,,,,0,1,0,,1
10,31,1713,123,123,92,,,,0,1,0,,1
11,30,1713,124.625,126,93.875,,,,0,1,0,,1
12,31,1713,124.75,123.25,91,,,,0,1,0,,1
1,30,1714,121.25,119,86.25,,,,0,1,0,,1
2,27,1714,121,117.75,85.5,,,,0,1,0,,1
3,31,1714,117.75,118,84.25,,,,0,1,0,,1
4,30,1714,121,123,87.25,,,,0,1,0,,1
5,31,1714,120.75,123.5,87.75,,,,0,1,0,,1
6,30,1714,123.75,123.5,86,,,,0,1,0,,1
7,31,1714,122.5,124,85.25,,,,0,1,0,,1
8,31,1714,132.75,134.75,97,,,,0,1,0,,1
9,30,1714,129.75,135.5,95.875,,,,0,1,0,,1
10,30,1714,127.25,136,95.625,,,,0,1,0,,1
11,30,1714,128,138,97,,,,0,1,0,,1
12,31,1714,129.75,134,97.375,,,,0,1,0,,1
1,31,1715,133,134,95.875,,,,0,1,0,,1
2,28,1715,133.75,134.25,94,,,,0,1,0,,1
3,31,1715,129.25,135.5,95,,,,0,1,0,,1
4,30,1715,130.75,141,99.375,,,,0,1,0,,1
5,31,1715,131.7,142.5,101,,,,0,1,0,,1
6,30,1715,131.75,138.25,98.875,,,,0,1,0,,1
7,30,1715,128,132.5,94.25,,,,0,1,0,,1
8,31,1715,131.5,137,97.625,,,,0,1,0,,1
9,30,1715,125.5,134,93.5,,,,0,1,0,,1
10,31,1715,119.5,129.25,89.25,,,,0,1,0,,1
11,30,1715,123.25,135.5,94.75,,,,0,1,0,,1
12,31,1715,127.25,134.25,94,,,,0,1,0,,1
1,31,1716,124.25,131.75,92.75,,,,0,1,0,,1
2,29,1716,130.5,136.25,95.75,,,,0,1,0,,1
3,31,1716,129.25,139.25,97,,,,0,1,0,,1
4,30,1716,131,144,101,,,,0,1,0,,1
5,31,1716,133.5,147.75,102.25,,,,0,1,0,,1
6,30,1716,134,144,96.125,,,,0,1,0,,1
7,31,1716,137.125,144.25,97.375,,,,0,1,0,,1
8,31,1716,138.625,149.75,98.625,,,,0,1,0,,1
9,29,1716,139.5,159.5,100.875,,,,0,1,0,,1
10,31,1716,141.75,172.5,106.25,,,,0,1,0,,1
11,30,1716,135,171.25,104.125,,,,0,1,0,,1
12,31,1716,137.625,165.5,103.625,,,,0,1,0,,1
1,31,1717,137.5,168.25,103.125,,,,0,1,0,,1
2,28,1717,136,166,100.625,,,,0,1,0,,1
3,30,1717,132.5,169,101,,,,0,1,0,,1
4,30,1717,135,174,104.5,,,,0,1,0,,1
5,31,1717,139,186.75,107.75,,,,0,1,0,,1
6,29,1717,147.5,187.5,109.5,,,,0,1,0,,1
7,31,1717,149.5,196,111,,,,0,1,0,,1
8,31,1717,150.5,196,112.375,,,,0,1,0,,1
9,30,1717,147.7,196,111.5,,,,0,1,0,,1
10,31,1717,146,197.25,112.5,,,,0,1,0,,1
11,30,1717,140.75,199,114,,,,0,1,0,,1
12,31,1717,156.25,207.5,118.875,,,,0,1,0,,1
1,31,1718,156.25,208.25,119,,,,0,1,0,,1
2,28,1718,159.75,216,118.375,,,,0,1,0,,1
3,31,1718,151.25,210,112.875,,,,0,1,0,,1
4,30,1718,151,212.75,116.875,,,,0,1,0,,1
5,31,1718,149.5,211,116.75,,,,0,1,0,,1
6,30,1718,147.25,204,112.625,,,,0,1,0,,1
7,31,1718,150.75,203,113,,,,0,1,0,,1
8,30,1718,150.25,194.75,108.875,,,,0,1,0,,1
9,30,1718,144,191,107.5,,,,0,1,0,,1
10,31,1718,142.25,188,106.5,,,,0,1,0,,1
11,29,1718,145.5,197,109.875,,,,0,1,0,,1
12,31,1718,155.5,212,118.75,,,,0,1,0,,1
1,31,1719,157.25,213.25,118.625,,,,0,1,0,,1
2,28,1719,156.75,210.25,117.5,,,,0,1,0,,1
3,31,1719,144,195.5,110.375,,,,0,1,0,,1
4,30,1719,145.5,199.5,115.5,,,,0,1,0,,1
5,30,1719,147.5,197.5,114.875,,,,0,1,0,,1
6,30,1719,152.75,197,117,,,,0,1,0,,1
7,31,1719,143.25,191.25,113.5,,,,0,1,0,,1
8,31,1719,148,194,115.625,,,,0,1,0,,1
9,30,1719,142.25,192,116.5,,,,0,1,0,,1
10,31,1719,141.5,191.2,116.125,,,,0,1,0,,1
11,30,1719,149,196,122.75,,,,0,1,0,,1
12,31,1719,150.25,200,128,,,,0,1,0,,1
1,30,1720,153.75,205.25,130.5,,,,0,1,0,,1
2,29,1720,153.5,212,173.25,,,,0,1,0,,1
3,31,1720,150,230,310,,,,0,1,0,,1
4,30,1720,156,235,342,,,,0,1,0,,1
5,31,1720,210,290,595,,,,0,1,0,,1
6,30,1720,240,420,950,,,,0,1,0,,1
7,30,1720,233,365,850,,,,0,1,0,,1
8,31,1720,226,345,810,,,,0,1,0,,1
9,30,1720,215,180,310,,,,0,1,0,,1
10,31,1720,142,165,210,,,,0,1,0,,1
11,30,1720,145,165,194,,,,0,1,0,,1
12,31,1720,147,170,200,,,,0,1,0,,1
1,31,1721,141,142,200,,,,0,1,0,,1
2,28,1721,138,142,200,,,,0,1,0,,1
3,31,1721,129,139,140,,,,0,1,0,,1
4,29,1721,131.5,137,139,,,,0,1,0,,1
5,31,1721,129.5,134.5,130,,,,0,1,0,,1
6,30,1721,129.5,140.5,124.5,,,,0,1,0,,1
7,31,1721,135,150,146,,,,0,1,0,,1
8,31,1721,138,144,140,,,,0,1,0,,1
9,30,1721,125.5,136.5,95.25,,,,0,1,0,,1
10,31,1721,123,141.5,96,,,,0,1,0,,1
11,30,1721,124.5,141.25,96.75,,,,0,1,0,,1
12,30,1721,125,143.75,98.5,,,,0,1,0,,1
1,31,1722,122.5,141.5,99,,,,0,1,0,,1
2,28,1722,120,140.75,96.75,,,,0,1,0,,1
3,31,1722,115.5,138.75,90.25,,,,0,1,0,,1
4,30,1722,113.75,139,90,,,,0,1,0,,1
5,31,1722,116,138.5,90.75,,,,0,1,0,,1
6,30,1722,118.25,142,91,,,,0,1,0,,1
7,31,1722,117.25,137.5,91,,,,0,1,0,,1
8,31,1722,117,136.5,89.125,,,,0,1,0,,1
9,29,1722,115.5,125.5,85.75,,,,0,1,0,,1
10,31,1722,115.5,133.5,93.625,,,,0,1,0,,1
11,30,1722,114.5,132.5,94,,,,0,1,0,,1
12,31,1722,116.5,134,100.5,,,,0,1,0,,1
1,31,1723,117,128.5,95.625,,,,0,1,0,,1
2,28,1723,118,125.75,97,,,,0,1,0,,1
3,30,1723,116,129,101.375,,,,0,1,0,,1
4,30,1723,117.25,127.75,97.5,,,,0,1,0,,1
5,31,1723,117,132.5,101.5,,,,0,1,0,,1
6,29,1723,118,134,100.875,,,,0,1,0,,1
7,31,1723,119.75,129,105.5,,,,0,1,0,,1
8,31,1723,121.5,131.5,108.625,,,,0,1,0,,1
9,30,1723,120,137,111.5,,,,0,1,0,,1
10,31,1723,120,136,111.25,,,,0,1,0,,1
11,30,1723,121.25,138,113.375,,,,0,1,0,,1
12,31,1723,128,141.5,116.75,,,,0,1,0,,1
1,31,1724,126.75,144,114.5,,,,0,1,0,,1
2,29,1724,129.25,148,116.625,,,,0,1,0,,1
3,31,1724,128.5,149.75,118.125,,,,0,1,0,,1
4,30,1724,126.5,146,117.5,,,,0,1,0,,1
5,30,1724,128.25,149,120,,,,0,1,0,,1
6,30,1724,130.5,150.75,121.75,,,,0,1,0,,1
7,31,1724,132.75,145.25,118.5,,,,0,1,0,,1
8,31,1724,131.625,144.5,116.625,,,,0,1,0,,1
9,30,1724,129.25,148,118,,,,0,1,0,,1
10,31,1724,129.25,149.75,119.125,,,,0,1,0,,1
11,30,1724,132.75,152.5,121.625,,,,0,1,0,,1
12,31,1724,132.5,152,121.875,,,,0,1,0,,1
1,30,1725,132.25,147.75,118.375,,,,0,1,0,,1
2,27,1725,133.25,150.5,118.875,,,,0,1,0,,1
3,31,1725,129.875,150.75,118.75,,,,0,1,0,,1
4,30,1725,133,159,122,,,,0,1,0,,1
5,31,1725,133.375,165,122.5,,,,0,1,0,,1
6,30,1725,135,168,122.75,,,,0,1,0,,1
7,31,1725,135.75,169.5,120.75,,,,0,1,0,,1
8,31,1725,138.25,179.5,123.25,,,,0,1,0,,1
9,30,1725,132.75,166,120.125,,,,0,1,0,,1
10,30,1725,133,167.75,121.25,,,,0,1,0,,1
11,30,1725,131.25,166.75,121.25,,,,0,1,0,,1
12,31,1725,128.25,159,117.75,,,,0,1,0,,1
1,31,1726,124,149.75,108.75,,,,0,1,0,,1
2,28,1726,124,145.75,103,,,,0,1,0,,1
3,31,1726,123.5,150.5,105.5,,,,0,1,0,,1
4,30,1726,124,149.5,103.625,,,,0,1,0,,1
5,31,1726,122.25,148.25,102,,,,0,1,0,,1
6,30,1726,125,150,104,,,,0,1,0,,1
7,30,1726,126.75,148.5,103.875,,,,0,1,0,,1
8,31,1726,126.75,147.5,104.25,,,,0,1,0,,1
9,30,1726,127.25,147,104.25,,,,0,1,0,,1
10,31,1726,120.75,133,99,,,,0,1,0,,1
11,30,1726,119.5,132,98.5,,,,0,1,0,,1
12,31,1726,118,130.75,96.5,,,,0,1,0,,1
1,31,1727,124.25,138.75,100.875,,,,0,1,0,,1
2,28,1727,125.25,142.5,100.125,,,,0,1,0,,1
3,31,1727,125.5,138.75,98.5,,,,0,1,0,,1
4,29,1727,126.25,151,104.5,,,,0,1,0,,1
5,31,1727,131.5,169.5,113.75,,,,0,1,0,,1
6,30,1727,131.75,168.25,113.625,,,,0,1,0,,1
7,31,1727,133,164.75,110.875,,,,0,1,0,,1
8,31,1727,133.125,162.5,110,,,,0,1,0,,1
9,30,1727,133,162,109.75,,,,0,1,0,,1
10,31,1727,129,159,108.25,,,,0,1,0,,1
11,30,1727,130.5,162.5,108,,,,0,1,0,,1
12,30,1727,131,160.5,106.125,,,,0,1,0,,1
1,31,1728,139.5,173,108.125,,,,0,1,0,,1
2,29,1728,138.75,170.25,105.625,,,,0,1,0,,1
3,30,1728,138.25,173.25,106.625,,,,0,1,0,,1
4,30,1728,136.25,174.25,107.375,,,,0,1,0,,1
5,31,1728,136,172.75,106.5,,,,0,1,0,,1
6,29,1728,133.75,169.5,104.625,,,,0,1,0,,1
7,31,1728,133.25,161.5,100.5,,,,0,1,0,,1
8,31,1728,137.25,171,103.5,,,,0,1,0,,1
9,30,1728,137,171,103,,,,0,1,0,,1
10,31,1728,134,171.5,102.875,,,,0,1,0,,1
11,30,1728,133.5,167,100.625,,,,0,1,0,,1
12,31,1728,131.75,163.75,98.125,,,,0,1,0,,1
1,31,1729,134.5,164.25,99.25,,,,0,1,0,,1
2,28,1729,136,165,97.375,,,,0,1,0,,1
3,31,1729,136.5,165.5,97.625,,,,0,1,0,,1
4,30,1729,135,169,98.375,,,,0,1,0,,1
5,31,1729,136,171.25,100.125,,,,0,1,0,,1
6,30,1729,137.25,178.25,102.625,,,,0,1,0,,1
7,31,1729,139,176.5,101.5,,60.28,,0,1,0,,1
8,30,1729,139.25,177.25,102,,60.28,,0,1,0,,1
9,30,1729,139.375,177.5,101.75,,61.02,,0,1,0,,1
10,31,1729,137,179.25,102.25,,61.02,,0,1,0,,1
11,29,1729,138,183.25,103.25,,61.68,,0,1,0,,1
12,31,1729,139,187.25,105.25,,62.33,,0,1,0,,1
1,31,1730,139.75,182.5,104.875,,63.81,,0,1,0,,1
2,28,1730,139.5,180.5,101.375,,63.81,,0,1,0,,1
3,31,1730,145,186.75,102.75,,59.76,,0,1,0,,1
4,30,1730,141.25,188.25,102.875,,59.92,,0,1,0,,1
5,30,1730,140.75,189.125,103.125,,59.92,,0,1,0,,1
6,30,1730,143.375,192.5,104.375,,60.63,,0,1,0,,1
7,31,1730,142,184.5,103.625,,59.29,,0,1,0,,1
8,31,1730,144,183.75,102.75,,60.55,,0,1,0,,1
9,30,1730,144.5,189.25,103.375,,61.02,,0,1,0,,1
10,31,1730,142.625,189.125,103.625,,61.02,,0,1,0,,1
11,30,1730,143.625,190.5,104,,61.81,,0,1,0,,1
12,31,1730,144,190.875,104,,61.65,,0,1,0,,1
1,30,1731,144,188.5,103.5,,60.08,,0,1,0,,1
2,27,1731,144.75,192,101,,60.08,,0,1,0,,1
3,31,1731,147.75,197.25,103,,60.94,,0,1,0,,1
4,30,1731,147,199,103.375,,60.78,,0,1,0,,1
5,31,1731,145.5,195.875,101.75,,60.94,,0,1,0,,1
6,30,1731,146.75,197,102.875,,60.78,,0,1,0,,1
7,31,1731,147,194.75,103.25,,60.78,,0,1,0,,1
8,31,1731,149,194.25,103.5,,60.62,,0,1,0,,1
9,30,1731,148.75,186,103.25,,60.7,,0,1,0,,1
10,30,1731,145.75,174.5,102,,59.52,,0,1,0,,1
11,30,1731,148,179.5,103.5,,60.78,,0,1,0,,1
12,31,1731,149,181.75,102.5,,61.57,,0,1,0,,1
1,31,1732,149.5,178,102,,61.25,,0,1,0,,1
2,29,1732,149.625,177,98.25,,61.89,,0,1,0,,1
3,31,1732,150.5,175.25,98.25,,60.29,,0,1,0,,1
4,29,1732,147.75,178,98.625,,60.53,,0,1,0,,1
5,31,1732,147.75,178.125,98.75,,60.41,,0,1,0,,1
6,30,1732,148.25,169,97.75,,60.45,,0,1,0,,1
7,31,1732,151,165.5,100,,61.53,,0,1,0,,1
8,31,1732,152.75,157.25,104.875,,61.96,,0,1,0,,1
9,30,1732,151,156.875,104.5,,61.96,,0,1,0,,1
10,31,1732,149.875,155.25,104,,61.96,,0,1,0,,1
11,30,1732,149.875,154,104.375,,62.5,,0,1,0,,1
12,30,1732,150,156.75,105.125,,62.89,,0,1,0,,1
1,31,1733,151.25,160.75,105.125,,62.54,,0,1,0,,1
2,28,1733,151,159.625,102.375,,62.27,,0,1,0,,1
3,31,1733,150.75,158.375,102.5,,61.46,,0,1,0,,1
4,30,1733,149,160.75,102.5,,62.03,,0,1,0,,1
5,31,1733,150.875,162.5,104.5,,62.64,,0,1,0,,1
6,30,1733,151,167.5,106.375,,62.9,,0,1,0,,1
7,31,1733,149.5,158.5,104.625,,60.29,,0,1,0,,1
8,31,1733,145.25,152,84,,59,,0,1,0,,1
9,29,1733,144,150.5,80,,59.45,,0,1,0,,1
10,31,1733,130.5,139.5,72.5,,55.66,,0,1,0,,1
11,30,1733,131.5,137,74.125,,55.21,,0,1,0,,1
12,31,1733,136,138.75,79.75,,55.81,,0,1,0,,1
1,31,1734,133,136,77,,54.9,,0,1,0,,1
2,28,1734,132.5,136.25,75.25,,53.54,,0,1,0,,1
3,30,1734,132.5,135.875,73.875,,54.41,,0,1,0,,1
4,30,1734,131.25,137.25,75.5,,54.11,,0,1,0,,1
5,31,1734,134,142.5,76,,56.08,,0,1,0,,1
6,29,1734,137,147,81,,57.29,,0,1,0,,1
7,31,1734,137.25,141.5,79.75,,56.69,,0,1,0,,1
8,31,1734,138.25,143,79.75,,56.99,,0,1,0,,1
9,30,1734,140,146,81.75,,57.14,,0,1,0,,1
10,31,1734,135.75,142,79.5,,56.23,,0,1,0,,1
11,30,1734,137,144.5,81.5,,56.54,,0,1,0,,1
12,31,1734,139.5,149,83.5,,57.29,,0,1,0,,1
1,31,1735,139.5,145,84,,55.66,,0,1,0,,1
2,28,1735,140.75,148.25,82.75,,56.38,,0,1,0,,1
3,31,1735,141.25,149.75,82.875,,57.14,,0,1,0,,1
4,30,1735,138,149,83.25,,57.14,,0,1,0,,1
5,31,1735,138.25,149,82.75,,57.45,,0,1,0,,1
6,30,1735,136.25,147,80.25,,55.78,,0,1,0,,1
7,31,1735,139.25,146,83.125,,56.42,,0,1,0,,1
8,30,1735,140.25,146.75,81.75,,56.99,,0,1,0,,1
9,30,1735,142.375,149.5,83,,57.22,,0,1,0,,1
10,31,1735,142.25,159,86.5,,58.2,,0,1,0,,1
11,29,1735,146.75,167,93.125,,59.87,,0,1,0,,1
12,31,1735,146.5,169,93.5,,60.48,,0,1,0,,1
1,31,1736,148,169,95,,61.2,,0,1,0,,1
2,28,1736,149,174.5,95.875,,62.14,,0,1,0,,1
3,31,1736,150.5,175.5,98.25,,62.34,,0,1,0,,1
4,30,1736,147.5,174.5,97.5,,62.16,,0,1,0,,1
5,31,1736,148,176.5,99,,63.02,,0,1,0,,1
6,30,1736,149.125,177.5,99.75,,62.87,,0,1,0,,1
7,31,1736,149.625,171.75,99,,62.19,,0,1,0,,1
8,31,1736,151.25,178.5,99.5,,62.9,,0,1,0,,1
9,30,1736,151.5,181.5,100,,62.87,,0,1,0,,1
10,30,1736,148.75,178.5,100,,63.17,,0,1,0,,1
11,30,1736,149.25,179,100,,63.13,,0,1,0,,1
12,31,1736,148.25,178.5,100.25,,63.02,,0,1,0,,1
1,31,1737,149.125,177.5,101.5,,63.09,,0,1,0,,1
2,28,1737,151.625,179.75,102.625,,63.17,,0,1,0,,1
3,31,1737,143,176.5,98,,60,,0,1,0,,1
4,30,1737,145.125,182.25,104,,62.05,,0,1,0,,1
5,31,1737,147.25,181.5,103.75,,62.56,,0,1,0,,1
6,30,1737,145.75,182,103.75,,62.64,,0,1,0,,1
7,30,1737,144,174.5,103,,61.8,,0,1,0,,1
8,31,1737,145.5,177.5,101.5,,62.27,,0,1,0,,1
9,30,1737,145.75,177,101.75,,62.42,,0,1,0,,1
10,31,1737,143,177.5,102,,62.56,,0,1,0,,1
11,30,1737,142.75,177.25,102.25,,62.2,,0,1,0,,1
12,31,1737,142.875,177,101.75,,62.49,,0,1,0,,1
1,31,1738,142.25,175.5,102.5,,62.64,,0,1,0,,1
2,28,1738,142.25,176,101.25,,62.49,,0,1,0,,1
3,31,1738,141.75,173.75,100.125,,60.56,,0,1,0,,1
4,29,1738,139,169.5,99,,59.77,,0,1,0,,1
5,31,1738,142.5,173.5,101.5,,60.71,,0,1,0,,1
6,30,1738,141.625,169.5,100.5,,58.63,,0,1,0,,1
7,31,1738,138.5,161,97.25,,58.55,,0,1,0,,1
8,31,1738,143.75,171.5,102,,60.35,,0,1,0,,1
9,30,1738,145,171.5,103,,60.78,,0,1,0,,1
10,31,1738,142.75,172.5,103.5,,60.6,,0,1,0,,1
11,30,1738,143,173.75,103.875,,60.71,,0,1,0,,1
12,30,1738,142.625,173.25,104,,60.92,,0,1,0,,1
1,31,1739,143.375,170.25,103.5,,60.13,,0,1,0,,1
2,28,1739,143.5,168.5,99.875,,59.92,,0,1,0,,1
3,31,1739,144.5,169.25,100.75,,60.46,,0,1,0,,1
4,30,1739,141,166.5,99.25,,60.64,,0,1,0,,1
5,31,1739,142.125,169,99.625,,60.64,,0,1,0,,1
6,30,1739,137.5,158.5,94.5,,57.76,,0,1,0,,1
7,31,1739,137,153,94,,56.9,,0,1,0,,1
8,31,1739,138.25,153.75,93,,57.33,,0,1,0,,1
9,29,1739,139.25,155,94,,56.47,,0,1,0,,1
10,31,1739,135.5,152.5,93,,55.75,,0,1,0,,1
11,30,1739,138.5,158,96.5,,56.76,,0,1,0,,1
12,31,1739,139,159,97.25,,57.48,,0,1,0,,1
1,31,1740,138.75,154,96.75,,56.61,,0,1,0,,1
2,29,1740,139.75,155,95.125,,57.04,,0,1,0,,1
3,31,1740,141.5,158.75,99.125,,57.81,,0,1,0,,1
4,30,1740,140.25,159,99.5,,58.32,,0,1,0,,1
5,31,1740,142,162,101,,58.6,,0,1,0,,1
6,30,1740,143.125,163,100,,58.46,,0,1,0,,1
7,31,1740,143.25,159.25,101.5,,57.88,,0,1,0,,1
8,30,1740,144,160.25,101,,58.32,,0,1,0,,1
9,30,1740,140,153.5,95.5,,57.45,,0,1,0,,1
10,31,1740,138,153.5,96,,57.02,,0,1,0,,1
11,29,1740,139,155.5,98.25,,57.31,,0,1,0,,1
12,31,1740,138.75,155.5,98.75,,56.88,,0,1,0,,1
1,31,1741,140.5,155,101.75,,56.74,,0,1,0,,1
2,28,1741,143,156.5,101.125,,57.31,,0,1,0,,1
3,31,1741,142,156,101.75,,57.1,,0,1,0,,1
4,30,1741,143,163.25,104.25,,58.39,,0,1,0,,1
5,30,1741,140.375,159,102.625,,58.32,,0,1,0,,1
6,30,1741,141.5,159.5,103,,58.32,,0,1,0,,1
7,31,1741,141.375,156.5,103.75,,56.88,,0,1,0,,1
8,31,1741,141,156,101.875,,56.59,,0,1,0,,1
9,30,1741,141.75,157.5,103.75,,57.24,,0,1,0,,1
10,31,1741,140.75,159,104.5,,57.6,,0,1,0,,1
11,30,1741,138.5,160,105.25,,58.03,,0,1,0,,1
12,31,1741,135.5,159.25,104.25,,57.45,,0,1,0,,1
1,30,1742,136.25,156.5,104.375,,56.66,,0,1,0,,1
2,27,1742,136.25,157.5,103.125,,57.31,,0,1,0,,1
3,31,1742,139.5,159,105.5,,58.79,,0,1,0,,1
4,30,1742,138,159.25,106,,58.97,,0,1,0,,1
5,31,1742,139.75,162,113.125,,59.3,,0,1,0,,1
6,30,1742,142.5,172,109,,59.52,,0,1,0,,1
7,31,1742,142,174,110.5,,58.64,,0,1,0,,1
8,31,1742,142,171,108.5,,58.71,,0,1,0,,1
9,30,1742,142.25,171.75,109.125,,58.75,,0,1,0,,1
10,30,1742,140.5,174.75,110.25,,58.75,,0,1,0,,1
11,30,1742,143,179.5,111.125,,59.19,,0,1,0,,1
12,31,1742,143,179.75,111.75,,59.48,,0,1,0,,1
1,31,1743,145.25,176,112.25,,59.01,,0,1,0,,1
2,28,1743,146,178,110.5,,58.82,,0,1,0,,1
3,31,1743,147,180.25,110,,60.3,,0,1,0,,1
4,30,1743,146.5,186,112,,61.2,,0,1,0,,1
5,31,1743,148.25,194.5,115.25,,62.63,,0,1,0,,1
6,30,1743,144.5,188.5,113,,61.5,,0,1,0,,1
7,30,1743,147.875,189,114.75,,62.03,,0,1,0,,1
8,31,1743,147.25,186,111,,61.35,,0,1,0,,1
9,30,1743,148.625,188,111.5,,61.05,,0,1,0,,1
10,31,1743,146.5,194,113.25,,61.73,,0,1,0,,1
11,30,1743,146.5,194,112,,61.73,,0,1,0,,1
12,31,1743,147.5,197.5,113.25,,61.65,,0,1,0,,1
1,31,1744,148.25,194,113.5,,60,,0,1,0,,1
2,29,1744,146,181,106,,58.12,,0,1,0,,1
3,31,1744,143,169.75,103,,57.04,,0,1,0,,1
4,30,1744,141.625,171.5,105,,58.77,,0,1,0,,1
5,31,1744,142.5,172.25,105.75,,58.38,,0,1,0,,1
6,30,1744,144,179,108,,58.53,,0,1,0,,1
7,31,1744,147,178.25,109.75,,59.08,,0,1,0,,1
8,31,1744,147,176.875,108.5,,59.16,,0,1,0,,1
9,29,1744,148,178.5,108.5,,58.53,,0,1,0,,1
10,31,1744,144.625,180.75,109.5,,58.53,,0,1,0,,1
11,30,1744,145,184.75,112,,58.85,,0,1,0,,1
12,31,1744,145,184,112,,58.85,,0,1,0,,1
1,31,1745,144.75,179.5,109.5,,56.02,,0,1,0,,1
2,28,1745,146.625,182,106.25,,56.17,,0,1,0,,1
3,30,1745,147,182.75,107,,57.96,,0,1,0,,1
4,30,1745,145.5,186.75,110.5,,59.95,,0,1,0,,1
5,31,1745,146.875,187.5,109,,60.56,,0,1,0,,1
6,29,1745,146.875,186.5,109.75,,60.39,,0,1,0,,1
7,31,1745,144.5,178.25,107.75,,57.8,,0,1,0,,1
8,31,1745,143,174,103,,58.12,,0,1,0,,1
9,30,1745,141.5,169.5,100,,55.2,,0,1,0,,1
10,31,1745,138.5,172.5,100.5,,56.13,,0,1,0,,1
11,30,1745,133.75,169.5,98,,54.87,,0,1,0,,1
12,31,1745,125.75,163.5,91,,52.6,,0,1,0,,1
1,31,1746,123,155.5,94.125,,48.22,,0,1,0,,1
2,28,1746,119.5,155.75,89.75,,49.03,,0,1,0,,1
3,31,1746,117.5,156.5,91,,52.55,,0,1,0,,1
4,30,1746,124.75,166,97.5,,57.21,,0,1,0,,1
5,31,1746,125.25,168,97.25,,57.78,,0,1,0,,1
6,30,1746,127.5,174,100.125,,58.7,,0,1,0,,1
7,31,1746,133.25,177.75,105.5,,60.72,,0,1,0,,1
8,30,1746,136.5,183,106,,62.75,,0,1,0,,1
9,30,1746,134.75,183.5,106.75,,61.34,,0,1,0,,1
10,31,1746,131,180.5,103,,59.89,,0,1,0,,1
11,29,1746,126.5,175.5,102,,57.65,,0,1,0,,1
12,31,1746,128.75,180,105,,59.58,,0,1,0,,1
1,31,1747,127,175.75,103,,58,,0,1,0,,1
2,28,1747,128,174.5,101,,59.76,,0,1,0,,1
3,31,1747,128.5,173.5,101.25,,66.07,,0,1,0,,1
4,30,1747,126.75,154,105,,66.85,,0,1,0,,1
5,30,1747,126.5,152.75,102,,66.7,,0,1,0,,1
6,30,1747,125.25,159.75,102.5,,66.65,,0,1,0,,1
7,31,1747,125.75,156.25,103.5,,65.59,,0,1,0,,1
8,31,1747,125.5,161,102.5,,65.3,,0,1,0,,1
9,30,1747,125.5,160,100.25,,62.88,,0,1,0,,1
10,31,1747,121.625,159.875,99.375,,63.19,,0,1,0,,1
11,30,1747,119.5,161.5,100.5,,63.8,,0,1,0,,1
12,31,1747,120.75,163.5,100,,63.94,,0,1,0,,1
1,30,1748,120,160,100,,61.91,,0,1,0,,1
2,29,1748,119.25,160.75,94.5,,62.15,,0,1,0,,1
3,31,1748,117.75,157.5,91,,66.54,,0,1,0,,1
4,30,1748,125,173.5,105.5,,74.4,,0,1,0,,1
5,31,1748,126,178,107,,76.57,,0,1,0,,1
6,30,1748,128.5,184,110.25,,80.04,,0,1,0,,1
7,30,1748,127,178.5,110,,77.33,,0,1,0,,1
8,31,1748,127.625,179.875,107,,77.87,,0,1,0,,1
9,30,1748,129,182,106.25,,76.68,,0,1,0,,1
10,31,1748,127,177.5,105.5,,77.44,,0,1,0,,1
11,30,1748,126.75,178.5,107.25,,78.25,,0,1,0,,1
12,31,1748,125.75,177,105.25,,77.82,,0,1,0,,1
1,31,1749,128,174.25,107.25,,78.31,,0,1,0,,1
2,28,1749,129.625,174.75,107,,82.21,,0,1,0,,1
3,31,1749,131.5,176.75,106.75,,86.32,,0,1,0,,1
4,29,1749,129,177,107.5,,86.43,,0,1,0,,1
5,31,1749,135,188,114.75,,91.09,,0,1,0,,1
6,30,1749,136.25,186.5,115.25,,91.77,,0,1,0,,1
7,31,1749,137.375,185.75,116,,91.15,,0,1,0,,1
8,31,1749,140.25,190.25,116,,90.92,,0,1,0,,1
9,30,1749,140.5,190.875,116.75,,92.57,,0,1,0,,1
10,31,1749,137.625,190.5,115.25,,92.45,,0,1,0,,1
11,30,1749,134,187,109.25,,90.98,,0,1,0,,1
12,30,1749,133,188.25,110.25,,90.52,,0,1,0,,1
1,31,1750,134,187,111.125,,89.44,,0,1,0,,1
2,28,1750,133.375,188,110,,90.12,,0,1,0,,1
3,31,1750,134.25,187,110,,78.58,,0,1,0,,1
4,29,1750,131.75,185.5,109.5,,78.63,,0,1,0,,1
5,31,1750,133.25,184,112,,79.12,,0,1,0,,1
6,30,1750,133.875,187,113,,79.02,,0,1,0,,1
7,31,1750,134,184,112.25,,78.48,,0,1,0,,1
8,31,1750,135.265,185.5,111.75,,78.68,,0,1,0,,1
9,29,1750,135.75,184.75,112.5,,78.58,,0,1,0,,1
10,31,1750,133.5,185.75,113.75,,78.68,,0,1,0,,1
11,30,1750,135.25,187.5,113.75,,78.73,,0,1,0,,1
12,31,1750,136.5,188.75,112,,78.58,,0,1,0,,1
1,31,1751,135.5,184.5,111.75,,77.5,,0,1,0,,1
2,28,1751,136.75,185.75,110,,77.3,,0,1,0,,1
3,30,1751,139.25,187.5,112.125,,77.35,,0,1,0,,1
4,30,1751,137.125,188.75,113,,77.79,,0,1,0,,1
5,31,1751,138.25,193,115,,78.86,,0,1,0,,1
6,29,1751,141.5,195,115.5,,79.2,,0,1,0,,1
7,31,1751,139.75,182.75,113,,78.13,,0,1,0,,1
8,31,1751,141,186.5,114.75,,78.52,,0,1,0,,1
9,30,1751,142,187.25,115.5,,78.52,,0,1,0,,1
10,31,1751,139.25,188,115.125,,78.28,,0,1,0,,1
11,30,1751,140.75,190.25,117,,79.2,,0,1,0,,1
12,31,1751,141.875,190.75,117.25,,79.3,,0,1,0,,1
1,31,1752,143.75,187.25,117.625,,78.52,,0,1,0,,1
2,29,1752,144.125,186.25,116,,79.39,,0,1,0,,1
3,31,1752,145,186.75,117,,78.86,,0,1,0,,1
4,30,1752,143.75,188.75,118.125,,79.82,,0,1,0,,1
5,30,1752,146.25,190,120,,81.31,,0,1,0,,1
6,30,1752,147,193,120.75,,81.27,,0,1,0,,1
7,31,1752,147.375,187,122,,80.54,,0,1,0,,1
8,31,1752,146.25,189,121.125,,80.64,,0,1,0,,1
9,30,1752,147.25,192,122.5,,81.07,,0,1,0,,1
10,31,1752,143.25,192,122.5,,81.51,,0,1,0,,1
11,30,1752,142.25,194.5,122.75,,81.56,,0,1,0,,1
12,30,1752,143.875,196.875,123.5,,81.94,,0,1,0,,1
1,31,1753,143.75,192,122.5,,80.11,,0,1,0,,1
2,28,1753,143.5,193.5,120.875,,80.74,,0,1,0,,1
3,31,1753,143.25,194,120.75,,80.78,,0,1,0,,1
4,30,1753,140.5,194,120.875,,81.27,,0,1,0,,1
5,31,1753,139.875,196,120.75,,81.36,,0,1,0,,1
6,30,1753,138,197,121.75,,81.22,,0,1,0,,1
7,31,1753,137.5,192.5,122.5,,80.06,,0,1,0,,1
8,31,1753,137.5,192.25,120.25,105.125,81.07,,0,1,0,,1
9,29,1753,138.75,192.5,120.25,104.75,80.78,,0,1,0,,1
10,31,1753,135.75,191.75,119.5,104.125,80.3,,0,1,0,,1
11,30,1753,136,193.25,120.5,104.5,80.59,,0,1,0,,1
12,31,1753,135.625,193.875,121.625,103.875,80.11,,0,1,0,,1
1,31,1754,133.5,189,121,103.625,79.92,,0,1,0,,1
2,28,1754,134.125,187.75,119,102.625,79.15,,0,1,0,,1
3,30,1754,134.125,186.5,118,102.25,78.73,,0,1,0,,1
4,30,1754,132.75,191.25,119,103.25,79.5,,0,1,0,,1
5,31,1754,134.25,190.75,119.125,104.25,80.27,,0,1,0,,1
6,29,1754,134,193,119.5,104.5,80.46,,0,1,0,,1
7,31,1754,133.75,187.5,119.5,104.625,80.55,,0,1,0,,1
8,31,1754,134,187.75,117.875,104.125,80.17,,0,1,0,,1
9,30,1754,133.75,187.5,116.5,103,79.3,,0,1,0,,1
10,31,1754,130.875,185.5,116.5,102.875,79.21,,0,1,0,,1
11,30,1754,132.25,183.75,116.25,103,79.3,,0,1,0,,1
12,31,1754,133.25,185.25,117,103.875,79.98,,0,1,0,,1
1,31,1755,130,175.5,114,102,78.53,,0,1,0,,1
2,28,1755,130.625,177,113,100.25,77.19,,0,1,0,,1
3,31,1755,129.25,173,112.25,98.625,76.82,,0,1,0,,1
4,30,1755,126.25,172.75,110,97.625,76.04,,0,1,0,,1
5,31,1755,127.25,175,111.5,99.75,77.7,,0,1,0,,1
6,30,1755,126.375,175,111,98.875,77.02,,0,1,0,,1
7,31,1755,123.5,167,103.875,93.125,72.54,,0,1,0,,1
8,30,1755,122.625,166,103,92.125,71.76,,0,1,0,,1
9,30,1755,123.5,167.25,104.25,93.5,72.83,,0,1,0,,1
10,31,1755,120,165.75,104.5,90.625,70.59,,0,1,0,,1
11,29,1755,122.5,148.5,104,91.25,71.08,,0,1,0,,1
12,31,1755,122.5,148.75,105.5,92.75,72.25,,0,1,0,,1
1,31,1756,120,141.75,104.75,88.875,69.23,,0,1,0,,1
2,28,1756,120.5,142.75,101.5,89.25,69.52,,0,1,0,,1
3,31,1756,120.5,142.5,101.5,89.5,71.72,,0,1,0,,1
4,30,1756,118,142,102.5,90.75,72.72,,0,1,0,,1
5,31,1756,117,138.75,101.25,89.5,71.72,Seven Years War,1,1,1,,1
6,30,1756,116.5,137,100.25,89.25,71.52,,0,1,0,,1
7,31,1756,117,133.75,101,88.75,71.12,,0,1,0,,1
8,31,1756,117.5,133.25,99,89.25,71.52,,0,1,0,,1
9,30,1756,117.75,133.25,99.75,89.5,71.72,,0,1,0,,1
10,30,1756,115.25,133.75,99.75,88.375,70.82,,0,1,0,,1
11,30,1756,115.25,134.5,100.25,88.5,70.92,,0,1,0,,1
12,31,1756,115.5,136,100.375,88.5,70.92,,0,1,0,,1
1,31,1757,116,133,101,86.75,69.51,,0,1,0,,1
2,28,1757,118,136.25,99.5,87.75,70.31,,0,1,0,,1
3,31,1757,119.25,139.25,101,90.125,69.41,,0,1,0,,1
4,30,1757,117,139.5,100.25,89.125,68.64,,0,1,0,,1
5,31,1757,119.75,142,101.5,90,69.31,,0,1,0,,1
6,30,1757,119.5,133,102.25,90,69.31,,0,1,0,,1
7,30,1757,119.5,133.5,102,88.875,68.44,,0,1,0,,1
8,31,1757,120.25,134.5,102.25,89.625,69.02,,0,1,0,,1
9,30,1757,121.25,141.75,103,91.5,70.47,,0,1,0,,1
10,31,1757,119.75,140.5,104,91,70.08,,0,1,0,,1
11,30,1757,119,141.5,103.5,91.25,70.27,,0,1,0,,1
12,31,1757,117,139.5,103,90.75,69.89,,0,1,0,,1
1,31,1758,118.75,138.5,103,90.5,69.7,,0,1,0,,1
2,28,1758,121,149,104,92.5,71.24,,0,1,0,,1
3,31,1758,124,148,106.25,94,75.82,,0,1,0,,1
4,29,1758,119.5,147.25,105.375,94,75.82,,0,1,0,,1
5,31,1758,121.5,147,105.25,95.625,77.13,,0,1,0,,1
6,30,1758,122,146,108,96.75,78.04,,0,1,0,,1
7,31,1758,119.5,137,108,92.75,74.81,,0,1,0,,1
8,31,1758,118.75,133.25,102,91.875,74.1,,0,1,0,,1
9,30,1758,118.625,135.5,102.5,90.75,73.2,,0,1,0,,1
10,31,1758,117,134.25,100.25,89.75,72.39,,0,1,0,,1
11,30,1758,117.25,136.5,100.25,90.75,73.2,,0,1,0,,1
12,30,1758,116.75,136,100.5,89.75,72.39,,0,1,0,,1
1,31,1759,117,134,100.5,88.5,71.38,,0,1,0,,1
2,28,1759,116.75,134.25,97,86.75,69.97,,0,1,0,,1
3,31,1759,116.5,132,95.25,83.75,75.67,,0,1,0,,1
4,30,1759,113,129.25,94,81.25,73.41,,0,1,0,,1
5,31,1759,111.25,128.5,93,79.5,71.83,,0,1,0,,1
6,30,1759,111,125.75,93,79.25,71.6,,0,1,0,,1
7,31,1759,110.125,121.5,92,77.875,70.36,,0,1,0,,1
8,31,1759,112.75,125,93.75,81.75,73.86,,0,1,0,,1
9,29,1759,112.75,126.25,94.5,82.125,74.2,,0,1,0,,1
10,31,1759,111.375,130.5,94,81.75,73.86,,0,1,0,,1
11,30,1759,113.25,134.5,96,86,77.7,,0,1,0,,1
12,31,1759,114,141,97,84.5,76.34,,0,1,0,,1
1,31,1760,111,133.5,95,80,72.28,,0,1,0,,1
2,29,1760,110,133.75,90.25,80.25,72.5,,0,1,0,,1
3,31,1760,111.25,137,91.5,82.125,83.52,,0,1,0,,1
4,30,1760,109.625,137.5,92.5,82.5,83.91,,0,1,0,,1
5,31,1760,109.75,137,92.75,82.5,83.91,,0,1,0,,1
6,30,1760,110.75,140,94.625,84.25,85.69,,0,1,0,,1
7,31,1760,111.9,136,94.5,83.75,85.18,,0,1,0,,1
8,30,1760,111.75,139,93.75,83.625,85.05,,0,1,0,,1
9,30,1760,111.75,140.5,93,82.75,84.16,,0,1,0,,1
10,31,1760,110,142.25,93.5,83,84.41,,0,1,0,,1
11,29,1760,107.5,139,91,78.75,80.09,,0,1,0,,1
12,31,1760,106.75,140,90,75.625,76.91,,0,1,0,,1
1,31,1761,106,136.75,87.25,73.25,74.5,,0,1,0,,1
2,28,1761,104.5,134.5,85.5,73.625,74.88,,0,1,0,,1
3,31,1761,107.5,137,87,77.625,88.31,,0,1,0,,1
4,30,1761,115,143,98.25,88,100.11,,0,1,0,,1
5,30,1761,116,144.25,97,88,100.11,,0,1,0,,1
6,30,1761,114.75,143,96,85.75,97.55,,0,1,0,,1
7,31,1761,113.25,141.5,95,79.5,90.44,,0,1,0,,1
8,31,1761,110,134,95,77.5,88.17,,0,1,0,,1
9,30,1761,111.25,133,89.5,73.25,83.33,,0,1,0,,1
10,31,1761,104.25,128.5,84.5,71.875,81.77,,0,1,0,,1
11,30,1761,102.5,125,83,70.375,80.06,,0,1,0,,1
12,31,1761,95.75,123.5,77,66.5,75.65,,0,1,0,,1
1,30,1762,93.75,112,76,61.875,70.39,,0,1,0,,1
2,27,1762,95.25,114.5,74.25,68,77.36,,0,1,0,,1
3,31,1762,96.75,117,77,70,91,,0,1,0,,1
4,30,1762,97,117.25,78,69.5,90.35,,0,1,0,,1
5,31,1762,97,118.5,79.5,72.5,94.25,,0,1,0,,1
6,30,1762,97.5,118,80,72,93.6,,0,1,0,,1
7,31,1762,99.25,122,80,75.25,97.83,,0,1,0,,1
8,31,1762,109,140,87,85.75,111.48,,0,1,0,,1
9,30,1762,112.5,142,90,83.5,108.55,,0,1,0,,1
10,30,1762,108.5,140,90.5,81.125,105.47,,0,1,0,,1
11,30,1762,114,159.5,98,86.25,112.13,,0,1,0,,1
12,31,1762,119.25,161.75,102.75,92.5,120.25,,0,1,0,,1
1,31,1763,119.5,158,101.5,89.75,116.68,,0,1,0,,1
2,28,1763,129.5,173,103,94.375,122.69,Amsterdam Banking Crisis,1,1,0,,1
3,31,1763,131.5,170,106.25,94.875,132.29,,0,1,0,,1
4,30,1763,125,172,106.5,94.375,131.59,,0,1,0,,1
5,31,1763,124.75,170.5,104,93.625,130.54,,0,1,0,,1
6,30,1763,122.125,173.5,104,93.5,130.37,,0,1,0,,1
7,30,1763,118.75,163,104,90.25,125.84,,0,1,0,,1
8,31,1763,117,162,95.5,87.25,121.66,,0,1,0,,1
9,30,1763,116,156.5,93.75,81.5,113.64,,0,1,0,,1
10,31,1763,111,154.5,92,83.5,116.43,,0,1,0,,1
11,30,1763,113.375,155.25,94,85.875,119.74,,0,1,0,,1
12,31,1763,113.25,162,93.5,85.5,119.22,,0,1,0,,1
1,31,1764,113.5,156.75,93.25,83.875,116.95,,0,1,0,,1
2,29,1764,116.5,157.25,94,85.125,118.69,,0,1,0,,1
3,31,1764,118.25,152.5,95,85.25,117.85,,0,1,0,,1
4,30,1764,116.5,153.5,95.5,87.5,120.96,,0,1,0,,1
5,31,1764,114.25,148,96,86,118.88,,0,1,0,,1
6,30,1764,113,151,95.25,86.25,119.23,,0,1,0,,1
7,31,1764,113.375,146,95,84.875,117.33,,0,1,0,,1
8,31,1764,113.5,146.5,93,83,114.74,,0,1,0,,1
9,29,1764,122.5,145.75,92,83,114.74,,0,1,0,,1
10,31,1764,122,148.25,94,84.125,116.29,,0,1,0,,1
11,30,1764,122.375,150.5,95.375,84.25,116.46,,0,1,0,,1
12,31,1764,127,156.5,96.5,88.25,121.99,,0,1,0,,1
1,31,1765,126.75,151.75,96.5,85.625,118.36,,0,1,0,,1
2,28,1765,129.75,151,97.25,87.125,120.44,,0,1,0,,1
3,30,1765,130.5,153,98.125,88,121.9,,0,1,0,,1
4,30,1765,127.875,154.5,100.25,87.625,121.38,,0,1,0,,1
5,31,1765,128,155,100,87.375,121.04,,0,1,0,,1
6,29,1765,129.75,159.5,103,88.625,122.77,,0,1,0,,1
7,31,1765,133.25,156.5,102,87.875,121.73,,0,1,0,,1
8,31,1765,136.5,160,104,89.75,124.33,,0,1,0,,1
9,30,1765,137.5,164.5,105.5,92.25,127.79,,0,1,0,,1
10,31,1765,136.25,164.25,104.75,91.875,127.27,,0,1,0,,1
11,30,1765,135.25,165,104.75,91.5,126.75,,0,1,0,,1
12,31,1765,135.125,167,105.25,91.875,127.27,,0,1,0,,1
1,31,1766,135.25,165.5,104,89.375,123.81,,0,1,0,,1
2,28,1766,134.75,164.75,102,88.25,122.25,,0,1,0,,1
3,31,1766,136.25,163,102.5,89.125,123.86,,0,1,0,,1
4,30,1766,132.75,178.5,102.5,89.375,124.21,,0,1,0,,1
5,31,1766,136,188.75,102.5,90,125.08,,0,1,0,,1
6,30,1766,136.25,187.375,102.25,90.75,126.12,,0,1,0,,1
7,31,1766,135,214,100.75,87.875,122.12,,0,1,0,,1
8,30,1766,138,206,104,89.875,124.9,,0,1,0,,1
9,30,1766,138.5,223.5,104,89.375,124.21,,0,1,0,,1
10,31,1766,136.75,221.25,104.125,89,123.69,,0,1,0,,1
11,29,1766,136.25,219.5,103.5,89.375,124.21,,0,1,0,,1
12,31,1766,137.25,223.75,104,90.125,125.25,,0,1,0,,1
1,31,1767,143,230.75,103,89.25,124.03,,0,1,0,,1
2,28,1767,142.5,233,103.5,89,123.69,,0,1,0,,1
3,31,1767,142.25,246,101.75,88.875,118.47,,0,1,0,,1
4,30,1767,142,259,104,89,118.64,,0,1,0,,1
5,30,1767,145,244.5,104.5,88.625,118.14,,0,1,0,,1
6,30,1767,148,251,106,89.125,118.8,,0,1,0,,1
7,31,1767,145.75,252.75,103.25,87.375,116.47,,0,1,0,,1
8,31,1767,148,271,103.75,88.25,117.64,First Anglo-Mysore War,1,1,0,5 Month Information Lag,1
9,30,1767,159.25,264.25,104.75,88.375,117.8,,0,1,0,,1
10,31,1767,156.5,269,105.5,88.875,118.47,,0,1,0,,1
11,30,1767,158,262.5,108,90.375,120.47,,0,1,0,,1
12,31,1767,160.25,265.25,109,92.625,123.47,,0,1,0,,1
1,30,1768,162.75,262.25,106.75,90.625,120.8,,0,1,0,,1
2,29,1768,164,266.5,108,91.5,121.97,,0,1,0,,1
3,31,1768,167.125,274.75,109,92.75,128.79,,0,1,0,,1
4,30,1768,167,268.25,109,93.75,130.18,,0,1,0,,1
5,31,1768,169.5,273,111,94.375,131.04,,0,1,0,,1
6,30,1768,169,277.75,109.25,94.5,131.22,,0,1,0,,1
7,30,1768,164.75,266,105.5,89.75,124.62,,0,1,0,,1
8,31,1768,167,274.5,105.75,90.25,125.32,,0,1,0,,1
9,30,1768,163.5,274.5,104,88.375,122.71,,0,1,0,,1
10,31,1768,159,272.5,104.5,87.75,121.85,,0,1,0,,1
11,30,1768,160.25,270,104.5,88.625,123.06,,0,1,0,,1
12,31,1768,161.625,276.5,106,90,124.97,,0,1,0,,1
1,31,1769,162.5,274.5,103.25,88.25,122.54,,0,1,0,,1
2,28,1769,164.5,275,103.25,88.125,122.37,,0,1,0,,1
3,31,1769,165.75,276.5,103.75,89,121.5,,0,1,0,,1
4,29,1769,164.25,273.75,103.125,88.625,120.98,,0,1,0,,1
5,31,1769,167.25,230,105.25,89.625,122.35,,0,1,0,,1
6,30,1769,166.5,241,105,89.75,122.52,,0,1,0,,1
7,31,1769,167.125,230.25,105,89.75,122,,0,1,0,,1
8,31,1769,168.5,228,104,89.25,121.84,,0,1,0,,1
9,30,1769,162.5,226,103.5,88,120.13,,0,1,0,,1
10,31,1769,160.625,224.25,103.25,88.375,120.64,,0,1,0,,1
11,30,1769,151.5,219,102,85.5,116.72,,0,1,0,,1
12,30,1769,153.5,219,102.5,86.375,117.91,,0,1,0,,1
1,31,1770,150,205.5,99,83.875,114.5,,0,1,0,,1
2,28,1770,153.5,219.75,99.25,85.5,116.72,,0,1,0,,1
3,31,1770,152.75,226.75,97.75,85.875,115.44,,0,1,0,,1
4,30,1770,151.75,226.5,98,86.75,116.62,,0,1,0,,1
5,31,1770,154,229.5,100,87,116.95,,0,1,0,,1
6,30,1770,149.75,222.75,99.5,85.25,114.6,,0,1,0,,1
7,31,1770,149.875,217.5,99.75,84,112.92,,0,1,0,,1
8,31,1770,153,218.5,98.875,84.875,114.1,,0,1,0,,1
9,29,1770,139.25,196.25,98.875,78.5,105.53,,0,1,0,,1
10,31,1770,136.5,194,92,79,106.2,,0,1,0,,1
11,30,1770,133,183.5,89,78,104.86,,0,1,0,,1
12,31,1770,131.75,185.5,91,78.25,105.19,,0,1,0,,1
1,31,1771,148,214,91,84.375,113.43,,0,1,0,,1
2,28,1771,155.5,231,96,88,118.3,,0,1,0,,1
3,30,1771,147.25,218,96.25,85.5,115.01,,0,1,0,,1
4,30,1771,152.5,228,96.25,87.5,117.7,,0,1,0,,1
5,31,1771,155.5,226.5,100,88.75,119.38,,0,1,0,,1
6,29,1771,155.25,225.75,100.75,89,119.72,,0,1,0,,1
7,31,1771,155.75,216,100.5,87.25,117.37,,0,1,0,,1
8,31,1771,155.25,216.5,100,87.375,117.53,,0,1,0,,1
9,30,1771,150.25,213.75,100.125,86.625,116.53,,0,1,0,,1
10,31,1771,149.125,217.5,100,86.875,116.86,,0,1,0,,1
11,30,1771,148,218,99,87,117.03,,0,1,0,,1
12,31,1771,150.75,225,100.25,88.375,118.88,,0,1,0,,1
1,31,1772,152.125,218.25,102,87.75,118.04,,0,1,0,,1
2,29,1772,152.5,214.5,99.75,87.875,118.21,,0,1,0,,1
3,31,1772,153.375,216,100.25,88.75,118.16,,0,1,0,,1
4,30,1772,149.75,213.25,99.75,89.125,118.66,,0,1,0,,1
5,30,1772,151.375,226,99.625,90,119.83,,0,1,0,,1
6,30,1772,149.375,213.75,97,89.5,119.16,,0,1,0,,1
7,31,1772,149,212,97.625,88.25,117.5,,0,1,0,,1
8,31,1772,148.5,207.75,97.5,88.5,117.83,,0,1,0,,1
9,30,1772,148.375,191,97.25,88.125,117.33,,0,1,0,,1
10,31,1772,143.625,182,96,87.375,116.33,,0,1,0,,1
11,30,1772,144.5,166,96.625,88.125,117.33,,0,1,0,,1
12,31,1772,143,163.5,95.75,88.875,118.33,,0,1,0,,1
1,30,1773,143.375,161.5,94,87.25,116.17,,0,1,0,,1
2,27,1773,143.75,163,94.25,87.375,116.33,,0,1,0,,1
3,31,1773,143,153,94,86.5,115.14,,0,1,0,,1
4,30,1773,139.5,147,93,85.75,114.14,,0,1,0,,1
5,31,1773,139.25,143,93.5,86.25,114.81,,0,1,0,,1
6,30,1773,141.125,147.25,93.75,87,115.8,,0,1,0,,1
7,31,1773,142,150,93.75,86.5,115.14,,0,1,0,,1
8,31,1773,143.25,152,94,87,115.8,,0,1,0,,1
9,30,1773,143.625,152.5,94.375,87.5,116.47,,0,1,0,,1
10,30,1773,141.5,146.5,94.125,87.875,116.97,,0,1,0,,1
11,30,1773,140.25,139.5,94.5,87.5,116.47,,0,1,0,,1
12,31,1773,140.125,140.25,95.25,87.375,116.3,British Credit Crisis,1,1,0,,1
1,31,1774,140.25,139,93.25,86.375,114.97,,0,1,0,,1
2,28,1774,140.625,139.25,93.75,86.625,115.31,,0,1,0,,1
3,31,1774,140.375,141.75,94.75,86.875,114.77,,0,1,0,,1
4,30,1774,139.75,145,94.625,87.875,116.09,,0,1,0,,1
5,31,1774,140.625,154.5,95.75,88,116.26,,0,1,0,,1
6,30,1774,142.125,154,97,88.625,117.08,,0,1,0,,1
7,30,1774,144,149,96.25,89,117.58,,0,1,0,,1
8,31,1774,144.5,147.5,96.75,88.375,116.75,,0,1,0,,1
9,30,1774,145.125,148,96.75,89,117.58,,0,1,0,,1
10,31,1774,141.5,147,96.5,88.75,117.25,,0,1,0,,1
11,30,1774,142.875,149.5,98.25,89.875,118.73,,0,1,0,,1
12,31,1774,145,153.75,98.25,91.125,120.38,,0,1,0,,1
1,31,1775,143.25,153,100,87.125,115.1,,0,1,0,,1
2,28,1775,144.625,155.75,98.5,88.5,116.92,,0,1,0,,1
3,31,1775,144.75,156.25,99.5,88.5,116.03,,0,1,0,,1
4,29,1775,142.375,155,99.25,89.125,116.85,,0,1,0,,1
5,31,1775,142.625,154.5,98.75,88.75,116.36,,0,1,0,,1
6,30,1775,141.75,155,97.125,88.875,116.52,,0,1,0,,1
7,31,1775,141.875,151,95.25,87.75,115.05,,0,1,0,,1
8,31,1775,143.125,153.5,97.75,88.875,116.52,American Colonies Declared In Rebellion,1,1,1,,1
9,30,1775,144,155.75,98,89.125,116.85,,0,1,0,,1
10,31,1775,141,156.75,97.5,89,116.69,,0,1,0,,1
11,30,1775,143.5,165,98.625,89.75,117.67,,0,1,0,,1
12,30,1775,143,166,98.25,89.5,117.34,,0,1,0,,1
1,31,1776,142.25,165,96,86.875,113.9,,0,1,0,,1
2,29,1776,142,163.25,94.75,86.125,112.92,,0,1,0,,1
3,30,1776,142.125,161.25,94.875,86,114.59,,0,1,0,,1
4,30,1776,139.5,162,94.625,85.5,113.92,,0,1,0,,1
5,31,1776,136.875,160.5,94.25,84.625,112.75,,0,1,0,,1
6,29,1776,138.5,162.75,95.5,84.75,112.92,,0,1,0,,1
7,31,1776,137.75,159.75,92,84.125,112.09,,0,1,0,,1
8,31,1776,140.5,166.25,93.5,83.75,111.59,,0,1,0,,1
9,30,1776,140.25,169,94,83.625,111.42,,0,1,0,,1
10,31,1776,135.25,164.5,94.75,81.875,109.09,,0,1,0,,1
11,30,1776,137.25,171.5,91.75,82.125,109.42,,0,1,0,,1
12,31,1776,138,173,91.875,81.875,109.09,,0,1,0,,1
1,31,1777,138,168.5,90,80.625,107.43,,0,1,0,,1
2,28,1777,136.5,167.5,90.125,79.375,105.76,,0,1,0,,1
3,31,1777,136.75,166,89.5,78.625,110.16,,0,1,0,,1
4,30,1777,134.75,165.5,90.5,79.625,111.56,,0,1,0,,1
5,31,1777,134.125,167.5,93.25,79.25,111.04,,0,1,0,,1
6,30,1777,132.25,166.5,94,79,110.69,,0,1,0,,1
7,31,1777,130,157,88.25,76.25,106.83,,0,1,0,,1
8,30,1777,131,161.5,87.75,77.625,108.76,,0,1,0,,1
9,30,1777,132,164,88.5,78,109.29,,0,1,0,,1
10,31,1777,130.125,166.25,90,79,110.69,,0,1,0,,1
11,29,1777,128.75,167,88.75,78.375,109.81,,0,1,0,,1
12,31,1777,125,161,83,75.125,105.26,,0,1,0,,1
1,31,1778,119.75,154,79,71.5,100.18,,0,1,0,,1
2,28,1778,117.25,144,78.25,69.125,96.85,,0,1,0,,1
3,31,1778,108.25,128.5,70,60.25,88.03,,0,1,0,,1
4,30,1778,106.75,128.5,70.25,60.75,88.76,,0,1,0,,1
5,30,1778,108.25,134.5,72.5,61.5,89.86,,0,1,0,,1
6,30,1778,109.25,135.25,73.5,61.75,90.22,,0,1,0,,1
7,31,1778,109.375,132.25,73.5,61.625,90.04,,0,1,0,,1
8,31,1778,114,137,73.5,63.875,93.33,,0,1,0,,1
9,30,1778,116,138,73,65.875,96.25,,0,1,0,,1
10,31,1778,113,144,73.5,65.25,95.34,,0,1,0,,1
11,30,1778,109.75,140,72.5,62.5,91.32,,0,1,0,,1
12,31,1778,107.75,138,71.25,61.5,89.86,,0,1,0,,1
1,30,1779,109.125,139.5,69.5,61.75,90.22,,0,1,0,,1
2,27,1779,110,140,69.75,59.25,86.57,,0,1,0,,1
3,31,1779,115,153.5,70.625,62,94.93,,0,1,0,,1
4,30,1779,115.25,155.5,72.5,63.625,97.42,,0,1,0,,1
5,31,1779,112.875,151.75,72.75,62.875,96.27,,0,1,0,,1
6,30,1779,108,141.75,72.75,60.75,93.02,,0,1,0,,1
7,31,1779,108.75,139.25,69.5,60,91.87,,0,1,0,,1
8,31,1779,111.375,140,70.75,61.125,93.59,,0,1,0,,1
9,30,1779,111.75,143.75,71,61.25,93.78,,0,1,0,,1
10,30,1779,110.25,144.5,71.5,61.75,94.55,,0,1,0,,1
11,30,1779,109.75,144.5,71,61.25,93.78,,0,1,0,,1
12,31,1779,110,145.75,71.5,62,94.93,,0,1,0,,1
1,31,1780,113,147,71.5,60.75,93.02,,0,1,0,,1
2,29,1780,114.75,153.25,69.75,60.625,92.82,,0,1,0,,1
3,31,1780,114.5,155.25,70.5,60.75,102.89,,0,1,0,,1
4,29,1780,112,156.25,72,60.75,102.89,,0,1,0,,1
5,31,1780,111.625,152,70.75,61.375,103.95,Gordon Riots Emergency,1,1,0,,1
6,30,1780,113.5,153.25,70.25,63.375,107.34,,0,1,0,,1
7,31,1780,116.25,151.25,71.375,62.25,105.43,Second Anglo-Mysore War,0,1,0,5 Month Information Lag,1
8,31,1780,115,151.5,71.5,61.625,104.37,,0,1,0,,1
9,30,1780,114.25,149.25,71,61.125,103.53,,0,1,0,,1
10,31,1780,111.25,152.75,71,61.125,103.53,,0,1,0,,1
11,30,1780,110.75,153.25,69.5,61.125,103.53,,0,1,0,,1
12,30,1780,108.75,152.75,69.5,60.25,102.05,,1,1,0,,1
1,31,1781,105.75,148.25,69.5,58.125,98.45,,0,1,0,,1
2,28,1781,108,147,66.75,58.875,99.72,,0,1,0,,1
3,31,1781,111,147.5,67,58.375,108.05,,0,1,0,,1
4,30,1781,112,146.5,68.875,58.625,108.51,,0,1,0,,1
5,31,1781,113.25,144.25,67.5,58.75,108.74,,0,1,0,,1
6,30,1781,113.625,149,69,59.125,109.43,,0,1,0,,1
7,31,1781,114.125,133.25,66.25,57.25,105.96,,0,1,0,,1
8,31,1781,113.75,140,66.25,57,105.5,,0,1,0,,1
9,29,1781,116,138.5,66,56.625,104.81,,0,1,0,,1
10,31,1781,108.5,139.5,65,55.875,103.42,,0,1,0,,1
11,30,1781,112,140.25,63.5,57.5,106.43,,0,1,0,,1
12,31,1781,110.5,139.5,64,57.75,106.89,,0,1,0,,1
1,31,1782,111.625,134.5,63,55.75,103.19,,0,1,0,,1
2,28,1782,111,132.25,62.25,54.375,100.64,,0,1,0,,1
3,30,1782,113.25,134.75,62,55.625,115.23,,0,1,0,,1
4,30,1782,114.5,139,63.75,59.5,123.26,,0,1,0,,1
5,31,1782,114.5,138,65.5,59.75,123.78,,0,1,0,,1
6,29,1782,114.75,137.5,65.25,59.875,124.04,,0,1,0,,1
7,31,1782,113.5,128.25,65,57.875,119.89,,0,1,0,,1
8,31,1782,113.875,127.75,63.5,56.625,117.3,,0,1,0,,1
9,30,1782,116.5,129.25,64.75,57.75,119.63,,0,1,0,,1
10,31,1782,114.5,133.25,65.75,57.875,119.89,,0,1,0,,1
11,30,1782,116,133,68,60,124.3,,0,1,0,,1
12,31,1782,123.5,141,68.25,64.875,134.4,,0,1,0,,1
1,31,1783,133.5,144.5,69.5,68,140.87,,0,1,0,,1
2,28,1783,134.75,142,74,68.125,141.13,,0,1,0,,1
3,31,1783,136.75,139.75,76,67.875,151.43,,0,1,0,,1
4,30,1783,133,139,76,67.875,151.43,,0,1,0,,1
5,31,1783,131.75,139,75,67.375,150.32,,0,1,0,,1
6,30,1783,127.25,139.25,75,66.5,148.37,,0,1,0,,1
7,31,1783,127.5,134.25,75,62.875,140.28,,0,1,0,,1
8,30,1783,128,139,71,64.5,143.9,,0,1,0,,1
9,30,1783,122.25,140,71,59.625,133.03,,0,1,0,,1
10,31,1783,117.875,138,71,58.875,131.35,,0,1,0,,1
11,29,1783,114.5,120,68,58,129.4,,0,1,0,,1
12,31,1783,111.75,124.5,68,57,127.17,,0,1,0,,1
1,31,1784,112.75,121.5,68,56,124.94,,0,1,0,,1
2,28,1784,116,124,66,57.25,127.73,,0,1,0,,1
3,31,1784,118.75,125.5,65.25,58,141.86,,0,1,0,,1
4,30,1784,116,124,66,58.125,142.17,,0,1,0,,1
5,31,1784,115.25,123,66.5,58.125,142.17,,0,1,0,,1
6,30,1784,115.5,122.75,65,59,144.31,,0,1,0,,1
7,31,1784,115.75,122.25,65,57.25,140.03,,0,1,0,,1
8,31,1784,117.375,127,64.5,55.875,136.67,,0,1,0,,1
9,30,1784,114,126.25,62,54.625,133.61,,0,1,0,,1
10,30,1784,110.75,128,62.5,54.875,134.22,,0,1,0,,1
11,30,1784,112.75,131,62.75,56,136.97,,0,1,0,,1
12,31,1784,112.875,136.5,62.75,56.375,137.89,,0,1,0,,1
1,31,1785,117.25,135,64,56.25,137.58,,0,1,0,,1
2,28,1785,115.25,131,64,55.375,135.44,,0,1,0,,1
3,31,1785,115,133,64,55,144.66,,0,1,0,,1
4,30,1785,115.5,133,64.5,57.5,151.23,,0,1,0,,1
5,31,1785,116.75,133.25,66.5,57.625,151.56,,0,1,0,,1
6,30,1785,118.5,136.25,66.5,58.625,154.19,,0,1,0,,1
7,30,1785,120.75,132.5,66.5,58.125,152.88,,0,1,0,,1
8,31,1785,122.75,136.5,68.25,58.75,154.52,,0,1,0,,1
9,30,1785,124.5,143.5,69.5,59.875,157.48,,0,1,0,,1
10,31,1785,130.75,150,71.5,65.375,171.94,,0,1,0,,1
11,30,1785,139.75,156.25,78.5,70,184.11,,0,1,0,,1
12,31,1785,139,161,79,71.625,188.38,,0,1,0,,1
1,31,1786,140.5,155.5,81,70.5,185.42,,0,1,0,,1
2,28,1786,140,157.5,78,70.125,184.44,,0,1,0,,1
3,31,1786,139.75,159,78,69.25,181.81,,0,1,0,,1
4,29,1786,137.5,159.5,78,69.875,183.45,,0,1,0,,1
5,31,1786,146,162.75,80.25,74.25,194.94,,0,1,0,,1
6,30,1786,145.25,160.75,81.25,74.375,195.27,,0,1,0,,1
7,31,1786,150.75,160.5,84.25,75.875,199.21,,0,1,0,,1
8,31,1786,159,167.75,87.5,77.75,204.13,,0,1,0,,1
9,30,1786,156,165.5,85.5,77.375,203.14,,0,1,0,,1
10,31,1786,149.25,166.5,85.5,76.25,200.19,,0,1,0,,1
11,30,1786,145.5,166,83.5,73.875,193.95,,0,1,0,,1
12,30,1786,151,168,82.5,75.375,197.89,,0,1,0,,1
1,31,1787,151.625,163.25,82,73.75,193.63,,0,1,0,,1
2,28,1787,153.875,164.75,83.25,75,196.91,,0,1,0,,1
3,31,1787,155.25,169.25,85.5,76.25,199.03,,0,1,0,,1
4,30,1787,154.25,170.25,86,77.25,201.64,,0,1,0,,1
5,31,1787,155.5,171.25,85.75,76.875,200.66,,0,1,0,,1
6,30,1787,150,165,85.5,73.75,192.51,,0,1,0,,1
7,31,1787,147.75,159,79.25,70.625,184.35,,0,1,0,,1
8,31,1787,150,159.75,80.5,72.5,189.24,,0,1,0,,1
9,29,1787,149.5,158.25,80.5,72.25,188.59,,0,1,0,,1
10,31,1787,152.5,166,77.875,75.5,197.07,,0,1,0,,1
11,30,1787,157.25,176,85.25,76.875,200.66,,0,1,0,,1
12,31,1787,158,175.5,86.25,77.375,201.97,,0,1,0,,1
1,31,1788,161,170.25,84.5,75.5,197.07,,0,1,0,,1
2,29,1788,158.5,167.5,84.625,75.25,196.42,,0,1,0,,1
3,31,1788,176.75,175.25,84.25,75.625,196.15,,0,1,0,,1
4,30,1788,172.75,173,86.5,75.125,194.86,,0,1,0,,1
5,31,1788,171.875,170.75,85.5,75.5,195.83,,0,1,0,,1
6,30,1788,172,171.75,85,75.25,195.18,,0,1,0,,1
7,31,1788,174,169,82.5,74.375,192.91,,0,1,0,,1
8,30,1788,175.625,166.5,83.125,74.125,192.26,,0,1,0,,1
9,30,1788,176.25,168,82.75,74.625,193.56,,0,1,0,,1
10,31,1788,173.75,170.75,83.25,75.625,196.15,,0,1,0,,1
11,29,1788,170,167.75,82.625,73.875,191.62,,0,1,0,,1
12,31,1788,170.25,166.25,82.5,74,191.94,,0,1,0,,1
1,31,1789,169.75,162.25,80.5,71.75,186.1,,0,1,0,,1
2,28,1789,175.625,167.5,83.5,74,191.94,,0,1,0,,1
3,31,1789,175.125,168,83.75,74.25,191.43,,0,1,0,,1
4,30,1789,173.875,168.75,85.75,75,193.36,,0,1,0,,1
5,30,1789,177,169.5,86.25,76.125,196.26,,0,1,0,,1
6,30,1789,179,173.5,86.75,77.125,198.84,,0,1,0,,1
7,31,1789,185.25,174.5,87.5,78.875,203.35,,0,1,0,,1
8,31,1789,189.5,175,88.625,79.25,204.32,,0,1,0,,1
9,30,1789,190.25,177.75,89.375,80.25,206.9,,0,1,0,,1
10,31,1789,184,179.75,88.125,79.125,204,,0,1,0,,1
11,30,1789,181.75,175,87.75,77.875,200.78,,0,1,0,,1
12,31,1789,183.125,173.5,87.75,78.75,203.03,,0,1,0,,1
1,30,1790,187.5,171,,78.875,203.35,,0,1,0,,1
2,30,1790,185,171.5,,77.375,199.49,,0,1,0,,1
3,30,1790,187.25,173.5,,79.375,203.38,,0,1,0,,1
4,30,1790,185.125,174.25,,79.75,204.34,,0,1,0,,1
5,30,1790,169.5,155,,74.75,191.53,,0,1,0,,1
6,30,1790,170.125,158.75,,74,189.61,,0,1,0,,1
7,30,1790,173.75,158.5,,73.875,189.29,,0,1,0,,1
8,30,1790,181.5,164.5,,76.75,196.66,,0,1,0,,1
9,30,1790,180,162,,76.25,195.38,,0,1,0,,1
10,30,1790,172,156.25,,74.25,190.25,,0,1,0,,1
11,30,1790,184,168.75,,79.375,203.38,,0,1,0,,1
12,30,1790,186.375,171.25,,81.125,207.87,Third Anglo-Mysore War,0,1,0,5 Month Information Lag,1
1,30,1791,187,168.75,,80.625,206.59,,0,1,0,,1
2,30,1791,187.875,167.5,,80.5,206.27,,0,1,0,,1
3,30,1791,178.5,160,,76.25,194.23,,0,1,0,,1
4,30,1791,185.75,166.5,,81.125,206.65,,0,1,0,,1
5,30,1791,186.125,166.25,,81.625,207.92,,1,1,0,,1
6,30,1791,186.25,166.5,,81.75,208.24,,0,1,0,,1
7,30,1791,190,171.75,,83,211.42,,0,1,0,,1
8,30,1791,200.75,185.5,,88.875,226.39,,0,1,0,,1
9,30,1791,203.375,193.25,,89.25,227.34,,0,1,0,,1
10,30,1791,194.75,192.75,,87.25,222.25,,0,1,0,,1
11,30,1791,196,187,,88.125,224.48,,0,1,0,,1
12,30,1791,200.875,186.75,,90.5,230.53,,0,1,0,,1
1,30,1792,209.25,192,,93.375,237.85,,0,1,0,,1
2,30,1792,215.5,212,,96.125,244.85,,0,1,0,,1
3,30,1792,217.5,216,,96.5,243.97,,0,1,0,,1
4,30,1792,206.5,207,,92.875,234.8,,0,1,0,,1
5,30,1792,204,208,,93.375,236.07,,0,1,0,,1
6,30,1792,203.25,212,,92.75,234.49,,0,1,0,,1
7,30,1792,207.5,208.25,,93.625,236.7,,0,1,0,,1
8,30,1792,201.5,200.5,,89.5,226.27,,0,1,0,,1
9,30,1792,204.625,209,,90.125,227.85,,0,1,0,,1
10,30,1792,200.375,209.5,,90.375,228.48,,0,1,0,,1
11,30,1792,173.5,182,,78.75,199.09,,0,1,0,,1
12,30,1792,175,184.5,,78.875,199.41,,0,1,0,,1
1,30,1793,173,181,,75.75,191.51,,0,1,0,,1
2,30,1793,163.625,195,,73.25,185.19,French Revolutionary War,1,1,1,,1
3,30,1793,172.5,207.25,,76.5,196.95,,0,1,0,,1
4,30,1793,167.75,214,,77.375,199.21,Exchequer Bill Merchant Report,1,1,0,,1
5,30,1793,168.25,213.5,,77,198.24,,0,1,0,,1
6,30,1793,171.5,211.75,,77.625,199.85,,0,1,0,,1
7,30,1793,177.125,210.75,,77.625,199.85,,0,1,0,,1
8,30,1793,174.5,208.25,,76,195.67,,0,1,0,,1
9,30,1793,172.25,204.5,,74.875,192.77,,0,1,0,,1
10,30,1793,166.375,206.75,,74.125,190.84,,0,1,0,,1
11,30,1793,168.5,211.25,,75.375,194.06,,0,1,0,,1
12,30,1793,165.75,208.5,,73.625,189.55,,0,1,0,,1
1,30,1794,156.25,199.5,,67.375,173.46,,0,1,0,,1
2,30,1794,160.5,200.75,,66,169.92,,0,1,0,,1
3,30,1794,161.75,201.5,,67.625,185.39,,0,1,0,,1
4,30,1794,166.75,207,,71.25,195.33,,0,1,0,,1
5,30,1794,167,208.75,,70.625,193.61,,0,1,0,,1
6,30,1794,161.25,204,,68,186.42,,0,1,0,,1
7,30,1794,165.5,199.75,,67.375,184.7,,0,1,0,,1
8,30,1794,164.625,198,,67,183.67,,0,1,0,,1
9,30,1794,158,192.5,,64.625,177.16,,0,1,0,,1
10,30,1794,155.75,190.5,,66.75,182.99,,0,1,0,,1
11,30,1794,157.625,193.5,,68.5,187.79,,0,1,0,,1
12,30,1794,156,189.25,,65,178.19,,0,1,0,,1
1,30,1795,153.25,182.75,,62.625,171.68,,0,1,0,,1
2,30,1795,152.75,181.5,,62.75,172.02,,0,1,0,,1
3,30,1795,153,181.75,,62,203.54,,0,1,0,,1
4,30,1795,159.75,192.75,,65.625,215.44,,0,1,0,,1
5,30,1795,163,195.5,,66.5,218.31,,0,1,0,,1
6,30,1795,165,199.5,,67.875,222.83,,0,1,0,,1
7,30,1795,168.5,196.25,,66.75,219.13,,0,1,0,,1
8,30,1795,168.375,198.5,,67.625,222,,0,1,0,,1
9,30,1795,169.875,200,,68.75,225.7,,0,1,0,,1
10,30,1795,166.125,199.25,,68.625,225.29,,0,1,0,,1
11,30,1795,165.75,204,,68.25,224.06,,0,1,0,,1
12,30,1795,176,216,,70.125,230.21,,0,1,0,,1
1,30,1796,175.25,212.25,,68.25,224.06,,0,1,0,,1
2,30,1796,173,212.75,,67.75,222.41,,0,1,0,,1
3,30,1796,175,216.5,,69.125,279.52,,0,1,0,,1
4,30,1796,164,209,,66.625,269.41,,0,1,0,,1
5,30,1796,155.75,199.5,,64.375,260.31,,0,1,0,,1
6,30,1796,154.5,194.25,,63.75,257.79,,0,1,0,,1
7,30,1796,151.25,183.25,,60.375,244.14,,0,1,0,,1
8,30,1796,141,175.5,,55.5,224.42,,0,1,0,,1
9,30,1796,146.25,176.5,,57.75,233.52,,0,1,0,,1
10,30,1796,146,175.75,,57.375,232.01,,0,1,0,,1
11,30,1796,143,177,,56.375,227.96,,0,1,0,,1
12,30,1796,138.25,171.5,,55.125,222.91,,0,1,0,,1
1,30,1797,145,166.5,,55.375,223.92,,0,1,0,,1
2,30,1797,135.25,151.75,,51.875,209.77,,0,0,0,,1
3,30,1797,128,148,,50.125,216.69,,0,0,0,,1
4,30,1797,121.75,150.5,,48.25,208.58,,0,0,0,,1
5,30,1797,115.5,144.5,,47.875,206.96,,0,0,0,,1
6,30,1797,126.5,163.5,,54.375,235.06,,0,0,0,,1
7,30,1797,131,159.5,,53,229.11,Bank Restrictions Act,1,0,0,,1
8,30,1797,131,159,,52.375,226.41,,0,0,0,,1
9,30,1797,126.5,152.5,,49.5,213.98,,0,0,0,,1
10,30,1797,119,150.5,,49.25,212.9,,0,0,0,,1
11,30,1797,118.25,148.75,,49.25,212.9,,0,0,0,,1
12,30,1797,118,150.75,,49.5,213.98,,0,0,0,,1
1,30,1798,119,146.5,,47.625,205.88,,0,0,0,,1
2,30,1798,122.75,147.25,,49.875,215.6,,0,0,0,,1
3,30,1798,122.25,149,,49.875,232.85,,0,0,0,,1
4,30,1798,116.75,148.5,,48.25,225.26,,0,0,0,,1
5,30,1798,118,149.5,,49.5,231.1,Irish Rebellion,1,0,0,,1
6,30,1798,118.5,149,,49.25,229.93,,0,0,0,,1
7,30,1798,125.5,146.25,,50,233.43,,0,0,0,,1
8,30,1798,130,148,,50,233.43,,0,0,0,,1
9,30,1798,130,150.25,,50.5,235.76,,0,0,0,,1
10,30,1798,139.5,163.5,,56.125,262.03,,0,0,0,,1
11,30,1798,132,160,,52.625,245.68,,0,0,0,,1
12,30,1798,136.25,166,,54.625,255.02,,0,0,0,,1
1,30,1799,139.25,162,,52.875,246.85,,0,0,0,,1
2,30,1799,139,166,,54,252.1,,0,0,0,,1
3,30,1799,134.75,164.25,,53.5,254.89,,0,0,0,,1
4,30,1799,137.5,170,,55.5,264.42,Fourth Anglo-Mysore War,0,0,0,5 Month Information Lag,1
5,30,1799,140.25,170.5,,56,266.8,,0,0,0,,1
6,30,1799,154,182.75,,61.875,294.79,,0,0,0,,1
7,30,1799,168,191,,63.375,301.94,,0,0,0,,1
8,30,1799,173.5,200.75,,66.625,317.43,,0,0,0,,1
9,30,1799,163,195,,60.625,288.84,,1,0,0,,1
10,30,1799,159,194,,60.75,289.43,,0,0,0,,1
11,30,1799,158,197,,63.375,301.94,,0,0,0,,1
12,30,1799,155,198.25,,63,300.15,,0,0,0,,1
1,30,1800,155.75,194.5,,60.375,287.65,,0,0,0,,1
2,30,1800,161,202,,63.125,300.75,,0,0,0,,1
3,30,1800,163,209.5,,63.375,317.93,,0,0,0,,1
4,30,1800,161.25,208.5,,63.25,317.3,,0,0,0,,1
5,30,1800,161,210.5,,64,321.07,,0,0,0,,1
6,30,1800,161.75,211.25,,64.875,325.46,,0,0,0,,1
7,30,1800,166,206,,65,326.08,,0,0,0,,1
8,30,1800,172,203.5,,65.75,329.85,,0,0,0,,1
9,30,1800,175,208.5,,66,331.1,,0,0,0,,1
10,30,1800,165.75,205,,63.75,319.81,,0,0,0,,1
11,30,1800,165.25,205.75,,63.5,318.56,,0,0,0,,1
12,30,1800,160.75,205.25,,62.875,315.42,,0,0,0,,1
1,30,1801,153,188.5,,57.625,289.09,,0,0,0,,1
2,30,1801,152.5,185.5,,55.875,280.31,,0,0,0,,1
3,30,1801,160,194,,57.875,320.46,,0,0,0,,1
4,30,1801,165.5,199,,61.25,339.15,,0,0,0,,1
5,30,1801,167.5,200,,61.125,338.46,,0,0,0,,1
6,30,1801,167.75,201,,61.875,342.61,,0,0,0,,1
7,30,1801,166.25,192.75,,58.5,323.92,,0,0,0,,1
8,30,1801,169,198,,60.5,335,,0,0,0,,1
9,30,1801,168,193.25,,58.75,325.31,,0,0,0,,1
10,30,1801,189.5,216,,68.125,377.22,,0,0,0,,1
11,30,1801,187,215,,67.5,373.75,,0,0,0,,1
12,30,1801,187.25,218.5,,68.875,381.37,,0,0,0,,1
1,30,1802,190.5,213,,68.625,379.98,,0,0,0,,1
2,30,1802,190.75,214.75,,69.125,382.75,,0,0,0,,1
3,30,1802,191.5,215.5,,70.625,408.98,,0,0,0,,1
4,30,1802,195,226,,76.875,445.17,,0,0,0,,1
5,30,1802,183,218,,75.875,439.38,,0,0,0,,1
6,30,1802,189.25,220.75,,75.25,435.76,,0,0,0,,1
7,30,1802,186,209,,71.75,415.49,,0,0,0,,1
8,30,1802,183.5,204,,67.25,389.43,,0,0,0,,1
9,30,1802,187,208,,69.375,401.74,,0,0,0,,1
10,30,1802,179.5,205,,68.25,395.22,,0,0,0,,1
11,30,1802,178.75,202.5,,67.375,390.15,,0,0,0,,1
12,30,1802,187,216.75,,73.375,424.9,,0,0,0,,1
1,30,1803,187,210.25,,70.75,409.7,,0,0,0,,1
2,30,1803,189.5,215.5,,71.125,411.87,,0,0,0,,1
3,30,1803,175,201.75,,62.125,363.41,,0,0,0,,1
4,30,1803,170.5,206.75,,63.125,369.26,,0,0,0,,1
5,30,1803,150,178,,60,350.98,Napoleonic Wars,1,0,1,,1
6,30,1803,144,173.5,,57.25,334.9,,0,0,0,,1
7,30,1803,137,157,,52.125,304.92,,0,0,0,,1
8,30,1803,142.5,164,,54.125,316.62,,0,0,0,,1
9,30,1803,142.5,162,,52.5,307.11,,0,0,0,,1
10,30,1803,141.5,163.5,,53.625,313.69,,0,0,0,,1
11,30,1803,144,168.5,,54.5,318.81,,0,0,0,,1
12,30,1803,146.25,171.25,,56.125,328.32,,0,0,0,,1
1,30,1804,154.5,172.5,,55.75,326.12,,0,0,0,,1
2,30,1804,154,170,,55.625,325.39,,0,0,0,,1
3,30,1804,154.5,170,,56.5,340.77,,0,0,0,,1
4,30,1804,149.5,170.5,,56,337.75,,0,0,0,,1
5,30,1804,152.25,169.5,,56,337.75,,0,0,0,,1
6,30,1804,155,174.75,,57.125,344.54,,0,0,0,,1
7,30,1804,161,177,,58.625,353.58,,0,0,0,,1
8,30,1804,160.5,176.5,,57,343.78,,0,0,0,,1
9,30,1804,161.75,177.5,,57.25,345.29,,0,0,0,,1
10,30,1804,163,177.75,,57.5,346.8,,0,0,0,,1
11,30,1804,167.5,181.5,,58.625,353.58,,0,0,0,,1
12,30,1804,168.25,185,,59.5,358.86,,0,0,0,,1
1,30,1805,179,188,,61,367.91,,0,0,0,,1
2,30,1805,179.25,184,,58,349.81,,0,0,0,,1
3,30,1805,178,180.75,,58.125,365.84,,0,0,0,,1
4,30,1805,172.5,179,,58.125,365.84,,0,0,0,,1
5,30,1805,172.5,181.5,,59.25,372.92,,0,0,0,,1
6,30,1805,179.25,182.5,,59.75,376.07,,0,0,0,,1
7,30,1805,182.75,182.5,,58.625,368.99,,0,0,0,,1
8,30,1805,178.5,177,,58.25,366.63,,0,0,0,,1
9,30,1805,196,181,,58.75,369.77,,0,0,0,,1
10,30,1805,190.5,187,,59.25,372.92,,0,0,0,,1
11,30,1805,195,189.25,,61,383.93,,0,0,0,,1
12,30,1805,194.5,192.25,,60.25,379.21,,0,0,0,,1
1,30,1806,197.5,186,,60.875,383.15,,0,0,0,,1
2,30,1806,203,183,,59.875,376.85,,0,0,0,,1
3,30,1806,208,183,,60.625,393.76,,0,0,0,,1
4,30,1806,212.5,179.75,,60.125,390.52,,0,0,0,,1
5,30,1806,209,183.75,,61.375,398.64,,0,0,0,,1
6,30,1806,211,192,,63.5,410.81,,0,0,0,,1
7,30,1806,212,185.5,,64,415.69,,0,0,0,,1
8,30,1806,219,188,,62.875,408.38,,0,0,0,,1
9,30,1806,222.5,187,,63.125,410,,0,0,0,,1
10,30,1806,213.25,183,,61.25,397.82,,0,0,0,,1
11,30,1806,212,179.5,,59.25,384.83,,0,0,0,,1
12,30,1806,208.5,182.25,,60.375,392.14,,0,0,0,,1
1,30,1807,218,181.5,,62,402.7,,0,0,0,,1
2,30,1807,225,185.5,,62.375,405.13,,0,0,0,,1
3,30,1807,228.75,183,,62.125,408.79,,0,0,0,,1
4,30,1807,233,187.5,,63.375,417.02,,0,0,0,,1
5,30,1807,230.5,187.5,,63.625,418.66,,0,0,0,,1
6,30,1807,233.25,187.75,,63.875,420.31,,0,0,0,,1
7,30,1807,231.5,175,,62,407.97,,0,0,0,,1
8,30,1807,232.5,177,,62.5,411.26,,0,0,0,,1
9,30,1807,231.5,174.25,,62.75,412.91,,0,0,0,,1
10,30,1807,224,174,,62.75,412.91,,0,0,0,,1
11,30,1807,225.5,179,,63.875,420.31,,0,0,0,,1
12,30,1807,224.25,179,,64.25,422.78,,0,0,0,,1
1,30,1808,227.5,171.5,,63.5,417.84,,0,0,0,,1
2,30,1808,232,172.5,,63.875,420.31,,0,0,0,,1
3,30,1808,233,172,,64.625,431.47,,0,0,0,,1
4,30,1808,234.5,182.25,,66.625,444.82,,0,0,0,,1
5,30,1808,239,177.5,,68.125,454.84,,0,0,0,,1
6,30,1808,240.5,182.5,,69.75,465.69,,0,0,0,,1
7,30,1808,243,185,,68,454,,0,0,0,,1
8,30,1808,239.5,179,,65.75,438.98,,0,0,0,,1
9,30,1808,240.75,179,,66,440.65,,0,0,0,,1
10,30,1808,235,180.25,,67.125,448.16,,0,0,0,,1
11,30,1808,236,181.5,,66.375,443.15,,0,0,0,,1
12,30,1808,235,185.5,,66.875,446.49,,0,0,0,,1
1,30,1809,244,183.5,,66.625,444.82,,0,0,0,,1
2,30,1809,245.75,184.75,,67.75,452.33,,0,0,0,,1
3,30,1809,247,183.75,,67.375,462.04,,0,0,0,,1
4,30,1809,245.5,185.75,,67.75,464.62,,0,0,0,,1
5,30,1809,249.5,188.75,,68.125,467.19,,0,0,0,,1
6,30,1809,260,195,,69.25,474.9,,0,0,0,,1
7,30,1809,260.75,187.5,,68,466.33,,0,0,0,,1
8,30,1809,267,187,,68.25,468.04,,0,0,0,,1
9,30,1809,268,188,,68.25,468.04,,0,0,0,,1
10,30,1809,277,194,,69.25,474.9,,0,0,0,,1
11,30,1809,279,196,,70,480.05,,0,0,0,,1
12,30,1809,277,195.25,,70.75,485.19,,0,0,0,,1
1,30,1810,276,188.5,,67.875,465.47,,0,0,0,,1
2,30,1810,275.5,185.5,,67.875,465.47,,0,0,0,,1
3,30,1810,276,186,,68.875,482.48,,0,0,0,,1
4,30,1810,269.5,185,,70.125,491.24,,0,0,0,,1
5,30,1810,262.5,192,,70.375,492.99,,0,0,0,,1
6,30,1810,258,193,,71.25,499.12,,0,0,0,,1
7,30,1810,269,186,,68.75,481.6,Export Bubble Crash,1,0,0,,1
8,30,1810,257.5,181,,68.125,477.23,,0,0,0,,1
9,30,1810,255,175.5,,64,448.33,,0,0,0,,1
10,30,1810,254,182,,66,462.34,,0,0,0,,1
11,30,1810,244,184,,66.875,468.47,,0,0,0,,1
12,30,1810,243,183.25,,67.125,470.22,,0,0,0,,1
1,30,1811,242.25,178,,65.875,461.46,Luddite Uprising,1,0,0,,1
2,30,1811,241,176.5,,65.625,460.59,,0,0,0,,1
3,30,1811,245.25,178.5,,64.5,467.85,,0,0,0,,1
4,30,1811,245,182.25,,64.75,466.95,,0,0,0,,1
5,30,1811,240.5,183,,64.625,464.25,,0,0,0,,1
6,30,1811,233,182,,64.375,459.74,,0,0,0,,1
7,30,1811,241,175,,62.5,448.02,,0,0,0,,1
8,30,1811,236,184,,64.25,462.45,,0,0,0,,1
9,30,1811,238,182.5,,63.625,458.84,,0,0,0,,1
10,30,1811,232,183,,64,462.45,,0,0,0,,1
11,30,1811,231,184.5,,63.375,457.94,,0,0,0,,1
12,30,1811,230,183,,63.375,457.94,,0,0,0,,1
1,30,1812,232,182,,62.75,452.53,,0,0,0,,1
2,30,1812,230.5,177.5,,61.5,443.52,,0,0,0,,1
3,30,1812,230,176.5,,59.625,469.68,,0,0,0,,1
4,30,1812,228.75,176.5,,61.75,457.4,,0,0,0,,1
5,30,1812,224,175.5,,61.25,463.07,,0,0,0,,1
6,30,1812,215,176.25,,61,462.12,War of 1812,1,0,1,,1
7,30,1812,212.5,164.75,,56.25,428.1,,0,0,0,,1
8,30,1812,222,169,,59.375,446.06,,0,0,0,,1
9,30,1812,226,167,,57.875,429.99,,0,0,0,,1
10,30,1812,214.75,163.25,,58.75,444.17,,0,0,0,,1
11,30,1812,216.25,163,,58.375,441.33,,0,0,0,,1
12,30,1812,223,163.25,,58.375,453.62,,0,0,0,,1
1,30,1813,221,164,,59.25,447.95,,0,0,0,,1
2,30,1813,219,161,,58.5,442.28,,0,0,0,,1
3,30,1813,219.25,161,,59,499.1,,0,0,0,,1
4,30,1813,217,166.5,,59.75,505.44,,0,0,0,,1
5,30,1813,214.5,170,,58.375,493.81,,0,0,0,,1
6,30,1813,213.5,169,,57.75,488.52,,0,0,0,,1
7,30,1813,218.5,168,,57.75,488.52,,0,0,0,,1
8,30,1813,219,165,,56.875,481.12,,0,0,0,,1
9,30,1813,217.5,173,,58.75,496.98,,0,0,0,,1
10,30,1813,219,172.5,,58,490.64,,0,0,0,,1
11,30,1813,228,182,,61.25,507.56,,0,0,0,,1
12,30,1813,237,182,,61.5,509.67,,0,0,0,,1
1,30,1814,262,194,,66.875,566.56,,0,0,0,,1
2,30,1814,263,199,,70.375,595.32,,0,0,0,,1
3,30,1814,261.5,199,,62.75,542.2,,0,0,0,,1
4,30,1814,252.5,196,,67.5,583.25,,0,0,0,,1
5,30,1814,249.5,194.5,,67.5,583.25,,0,0,0,,1
6,30,1814,256,192.5,,67.5,583.25,,0,0,0,,1
7,30,1814,258.25,194,,67.25,581.09,,0,0,0,,1
8,30,1814,256.25,194,,65.25,563.8,,0,0,0,,1
9,30,1814,254,190.5,,65.25,563.8,,0,0,0,,1
10,30,1814,246.5,189,,64.25,555.16,,0,0,0,,1
11,30,1814,249.5,187.5,,66,570.28,,0,0,0,,1
12,30,1814,250,187.5,,66.125,571.36,,0,0,0,,1
1,30,1815,257.75,192,,65.25,563.8,,0,0,0,,1
2,30,1815,257.5,192.75,,63.875,551.92,,0,0,0,,1
3,30,1815,257,191.25,,58.25,549.08,,0,0,0,,1
4,30,1815,230,175.5,,57.125,538.48,,0,0,0,,1
5,30,1815,228.5,176.5,,59.375,559.69,,0,0,0,,1
6,30,1815,230,177,,59,556.15,,0,0,0,,1
7,30,1815,229,175,,56.75,534.94,,0,0,0,,1
8,30,1815,225.5,171.5,,56.375,531.41,,0,0,0,,1
9,30,1815,255,171,,57.125,538.48,,0,0,0,,1
10,30,1815,242.5,178,,61,575,,0,0,0,,1
11,30,1815,237.5,189.5,,61.125,576.18,,0,0,0,,1
12,30,1815,238,189.5,,60.875,576.18,,0,0,0,,1
1,30,1816,251,186.5,,61.75,582.07,,0,0,0,,1
2,30,1816,252,181.5,,61.75,582.07,,0,0,0,,1
3,30,1816,251,181,,60.125,554.46,,0,0,0,,1
4,30,1816,261.75,184,,62.375,575.21,,0,0,0,,1
5,30,1816,224,191.5,,64.25,592.5,,0,0,0,,1
6,30,1816,219,188,,64.25,592.5,,0,0,0,,1
7,30,1816,220,180.5,,63.25,583.28,,0,0,0,,1
8,30,1816,216.5,179.5,,61.625,568.3,,0,0,0,,1
9,30,1816,216.5,182,,61.5,567.14,,0,0,0,,1
10,30,1816,216.5,181.5,,61.875,570.6,,0,0,0,,1
11,30,1816,218.25,189,,63,580.98,,0,0,0,,1
12,30,1816,219.5,193,,63,580.98,,0,0,0,,1
1,30,1817,225,193.5,,63.5,585.59,,0,0,0,,1
2,30,1817,244,199,,67.375,621.32,,0,0,0,,1
3,30,1817,247.25,202,,71.625,646.45,,0,0,0,,1
4,30,1817,251.5,208,,72.125,650.96,,0,0,0,,1
5,30,1817,256,213,,73.125,659.99,,0,0,0,,1
6,30,1817,274,217.5,,73,658.86,,0,0,0,,1
7,30,1817,280,230,,77.75,701.73,,0,0,0,,1
8,30,1817,281.25,231.5,,79,713.01,,0,0,0,,1
9,30,1817,280.25,239,,81,731.06,,0,0,0,,1
10,30,1817,285.75,239.5,,82.375,743.47,,0,0,0,,1
11,30,1817,289.5,246.5,,83.375,752.5,,0,0,0,,1
12,30,1817,290.5,247,,83.375,752.5,,0,0,0,,1
1,30,1818,287,240,,78.875,711.88,,0,0,0,,1
2,30,1818,289.5,240.75,,79.75,719.78,,0,0,0,,1
3,30,1818,284,240.75,,78.75,725.99,,0,0,0,,1
4,30,1818,282,236.5,,79.5,732.91,,0,0,0,,1
5,30,1818,278.5,231.5,,79,728.3,,0,0,0,,1
6,30,1818,279.5,232,,79,728.3,,0,0,0,,1
7,30,1818,277,233.5,,77.25,712.16,,0,0,0,,1
8,30,1818,270,225.5,,74,682.2,,0,0,0,,1
9,30,1818,268.5,225.5,,74.625,687.96,,0,0,0,,1
10,30,1818,274.5,233.5,,77.625,715.62,,0,0,0,,1
11,30,1818,268.5,232,,78.25,721.38,,0,0,0,,1
12,30,1818,268,233,,79.125,729.45,,0,0,0,,1
1,30,1819,272.5,232.75,,78.5,723.69,,0,0,0,,1
2,30,1819,266,229,,73,672.98,,0,0,0,,1
3,30,1819,261,222,,74.25,686.48,,0,0,0,,1
4,30,1819,250.5,220,,72,665.67,,0,0,0,,1
5,30,1819,220,211,,67.125,620.6,,0,0,0,,1
6,30,1819,216,210,,66.25,612.51,,0,0,0,,1
7,30,1819,233,222,,71.375,659.9,,0,0,0,,1
8,30,1819,230.5,219,,71.625,662.21,,0,0,0,,1
9,30,1819,230.5,219,,69.5,642.56,,0,0,0,,1
10,30,1819,213.5,206.5,,66.5,614.82,,0,0,0,,1
11,30,1819,216.25,209,,67.625,625.23,,0,0,0,,1
12,30,1819,217,209,,67,619.45,,0,0,0,,1
1,30,1820,222.5,208.5,,67.875,627.54,,0,0,0,,1
2,30,1820,223,214,,68.25,631,,0,0,0,,1
3,30,1820,224.5,214.5,,68.625,641.98,,0,0,0,,1
4,30,1820,223.5,218.5,,69.5,650.17,,0,0,0,,1
5,30,1820,224.5,219.5,,69.625,651.34,,0,0,0,,1
6,30,1820,219.5,221,,69.875,653.67,,0,0,0,,1
7,30,1820,226,217.75,,68.5,640.81,,0,0,0,,1
8,30,1820,221,215.5,,67.5,631.46,,0,0,0,,1
9,30,1820,221.5,215,,66.25,619.76,,0,0,0,,1
10,30,1820,215.5,221.75,,67.875,634.96,,0,0,0,,1
11,30,1820,219,224.5,,69.375,649,,0,0,0,,1
12,30,1820,221,224.5,,69.625,651.34,,0,0,0,,1
1,30,1821,228,228.5,,71.5,668.88,,0,0,0,,1
2,30,1821,226.5,230.5,,72.875,681.74,,0,0,0,,1
3,30,1821,226,230,,71.875,668.3,,0,0,0,,1
4,30,1821,223.5,230.5,,72.375,672.95,,0,0,0,,1
5,30,1821,232.75,235,,76.75,713.63,,0,1,0,,1
6,30,1821,229.75,236,,76.625,712.47,,0,1,0,,1
7,30,1821,230,230,,74.375,691.55,,0,1,0,,1
8,30,1821,236,232.5,,76,706.66,,0,1,0,,1
9,30,1821,237,234.25,,76.375,710.14,,0,1,0,,1
10,30,1821,238.5,241,,77.5,720.6,,0,1,0,,1
11,30,1821,239,240,,77.5,720.6,,0,1,0,,1
12,30,1821,235,240,,77.25,718.28,,0,1,0,,1
1,30,1822,238.25,238.5,,76.125,707.82,,0,1,0,,1
2,30,1822,249,247,,78.625,731.06,,0,1,0,,1
3,30,1822,249.5,247,,79.5,700.13,,0,1,0,,1
4,30,1822,237,242,,78.5,691.32,,0,1,0,,1
5,30,1822,240,239,,79.375,699.03,,0,1,0,,1
6,30,1822,242.5,239.5,,79.5,700.13,,0,1,0,,1
7,30,1822,251.5,251,,80.375,707.83,,0,1,0,,1
8,30,1822,252.5,251,,80.375,707.83,,0,1,0,,1
9,30,1822,252.5,252.25,,81.375,716.64,,0,1,0,,1
10,30,1822,251,257,,82.375,725.45,,0,1,0,,1
11,30,1822,246.75,257.5,,81.125,714.44,,0,1,0,,1
12,30,1822,246.5,252,,79.625,701.23,,0,1,0,,1
1,30,1823,241.5,245,,76.875,677.01,,0,1,0,,1
2,30,1823,239,235.5,,73,642.88,,0,1,0,,1
3,30,1823,236,233,,74.375,651.32,,0,1,0,,1
4,30,1823,214.75,243.5,,77.375,677.59,,0,1,0,,1
5,30,1823,219.25,251.5,,80.75,707.15,,0,1,0,,1
6,30,1823,221.25,251.5,,80.875,708.24,,0,1,0,,1
7,30,1823,222.25,252,,80.75,707.15,,0,1,0,,1
8,30,1823,226.5,264.25,,82.875,725.76,,0,1,0,,1
9,30,1823,226.75,265.75,,83.125,727.95,,0,1,0,,1
10,30,1823,221.75,263.75,,82.25,720.28,,0,1,0,,1
11,30,1823,224,268,,84.25,737.8,,0,1,0,,1
12,30,1823,230.5,269,,84.125,757.5,,0,1,0,,1
1,30,1824,,,,89,794.72,,0,1,0,,0
2,30,1824,,,,91.5,812.24,,0,1,0,,0
3,30,1824,,,,93.875,803.4789038,,0,1,0,,0
4,30,1824,,,,95.925,818.3778333,,0,1,0,,0
5,30,1824,,,,95.875,803.4789038,,0,1,0,,0
6,30,1824,,,,94.218,818.3778333,,0,1,0,,0
7,30,1824,,,,92.5625,783.258885,,0,1,0,,0
8,30,1824,,,,93.28125,797.0936201,,0,1,0,,0
9,30,1824,,,,94.28125,813.06,,0,1,0,,0
10,30,1824,,,,95.95,818.3778333,,0,1,0,,0
11,30,1824,,,,95.75,813.06,,0,1,0,,0
12,30,1824,,,,95.125,807.74,,0,1,0,,0
1,30,1825,,,,93.75,797.0936201,,0,1,0,,0
2,30,1825,,,,93.75,796.0294063,,0,1,0,,0
3,30,1825,,,,93.375,790.43918,,0,1,0,,0
4,30,1825,,,,92.59375,773.49,,0,1,0,,0
5,30,1825,,,,90.34375,758.6520887,,0,1,0,,0
6,30,1825,,,,90.28,775.6052121,,0,1,0,,0
7,30,1825,,,,90.21875,762.8903745,,0,1,0,,0
8,30,1825,,,,89.75,740.6393967,,0,1,0,,0
9,30,1825,,,,88.125,745.9372496,,0,1,0,,0
10,30,1825,,,,87.90625,741.698974,,0,1,0,,0
11,30,1825,,,,86.0625,692.96,,0,1,0,,0
12,30,1825,,,,83.197,688.7204686,Bank Panic,1,1,0,,0
1,30,1826,,,,80.33333333,678.1247705,,0,1,0,,0
2,30,1826,,,,77.34375,654.8142392,,0,1,0,,0
3,30,1826,,,,78.025,683.8102186,,0,1,0,,0
4,30,1826,,,,79.1875,665.6180766,,0,1,0,,0
5,30,1826,,,,78.375,679.53,,0,1,0,,0
6,30,1826,,,,77.796,672.0388211,,0,1,0,,0
7,30,1826,,,,77.21875,667.76,,0,1,0,,0
8,30,1826,,,,78.65625,672.0388211,,0,1,0,,0
9,30,1826,,,,79.5,684.880336,,0,1,0,,0
10,30,1826,,,,80.875,699.8620878,,0,1,0,,0
11,30,1826,,,,82.8125,722.33,,0,1,0,,0
12,30,1826,,,,83.375,691.3010852,,0,1,0,,0
1,30,1827,,,,78.45833333,682.7400824,,0,1,0,,0
2,30,1827,,,,81.8125,705.21,,0,1,0,,0
3,30,1827,,,,82.375,700.9997687,,0,1,0,,0
4,30,1827,,,,83.0625,704.1861247,,0,1,0,,0
5,30,1827,,,,82.84375,716.9315655,,0,1,0,,0
6,30,1827,,,,84.5937,734.9876273,,0,1,0,,0
7,30,1827,,,,86.34375,756.23,,0,1,0,,0
8,30,1827,,,,87.825,740.2982226,,0,1,0,,0
9,30,1827,,,,87.09375,738.1739936,,0,1,0,,0
10,30,1827,,,,87.28125,742.4224738,,0,1,0,,0
11,30,1827,,,,85.9,719.0558159,,0,1,0,,0
12,30,1827,,,,85.3875,709.4967228,,0,1,0,,0
1,30,1828,,,,84.875,727.5527902,,0,1,0,,0
2,30,1828,,,,84.85,709.4967228,,0,1,0,,0
3,30,1828,,,,83.28125,711.43,,0,1,0,,0
4,30,1828,,,,84.5,723.0398419,,0,1,0,,0
5,30,1828,,,,85.5,726.2064311,,0,1,0,,0
6,30,1828,,,,85.9375,747.3170865,,0,1,0,,0
7,30,1828,,,,86.375,738.8728299,,0,1,0,,0
8,30,1828,,,,87.25,738.8728299,,0,1,0,,0
9,30,1828,,,,88.09375,733.6,,0,1,0,,0
10,30,1828,,,,86.25,729.3730318,,0,1,0,,0
11,30,1828,,,,86.65625,731.4840878,,0,1,0,,0
12,30,1828,,,,86.499,738.8728299,,0,1,0,,0
1,30,1829,,,,86.34375,735.7062155,,0,1,0,,0
2,30,1829,,,,87.09375,734.6506853,,0,1,0,,0
3,30,1829,,,,87.09375,738.4669456,,0,1,0,,0
4,30,1829,,,,87.75,726.8624681,,0,1,0,,0
5,30,1829,,,,87.625,745.8516037,,0,1,0,,0
6,30,1829,,,,87.968,738.4669456,,0,1,0,,0
7,30,1829,,,,88.3125,750.0714257,,0,1,0,,0
8,30,1829,,,,88.71875,750.0714257,,0,1,0,,0
9,30,1829,,,,88.9375,752.1813268,,0,1,0,,0
10,30,1829,,,,90.2,768.0056162,,0,1,0,,0
11,30,1829,,,,92.3125,791.214578,,0,1,0,,0
12,30,1829,,,,92.859,789.1046601,,0,1,0,,0
1,30,1830,,,,93.40625,782.7749673,,0,1,0,,0
2,30,1830,,,,91.96875,773.2803697,,0,1,0,,0
3,30,1830,,,,92.25,745.9988875,,0,1,0,,0
4,30,1830,,,,92.8,743.9854039,,0,1,0,,0
5,30,1830,,,,92.79166667,744.99,,0,1,0,,0
6,30,1830,,,,92.41,740.9651496,,0,1,0,,0
7,30,1830,,,,92.03125,731.9,,0,1,0,,0
8,30,1830,,,,91.53125,726.8707166,Swing Riots,1,1,0,,0
9,30,1830,,,,88.46875,702.71,,0,1,0,,0
10,30,1830,,,,85.65,679.5536346,,0,1,0,,0
11,30,1830,,,,82.75,665.4592026,,0,1,0,,0
12,30,1830,,,,81.875,654.3849883,,0,1,0,,0
1,30,1831,,,,81,651.3647565,,0,1,0,,0
2,30,1831,,,,79.5,620.1556203,,0,1,0,,0
3,30,1831,,,,76.65625,619.4956783,,0,1,0,,0
4,30,1831,,,,78.75,635.5603946,,0,1,0,,0
5,30,1831,,,,82.40625,675.722198,,0,1,0,,0
6,30,1831,,,,82.312,667.689823,,0,1,0,,0
7,30,1831,,,,82.21875,664.6777045,,0,1,0,,0
8,30,1831,,,,81.75,657.6493892,,0,1,0,,0
9,30,1831,,,,81.925,654.637247,,0,1,0,,0
10,30,1831,,,,81.53125,664.6777045,,0,1,0,,0
11,30,1831,,,,82.625,670.7019603,,0,1,0,,0
12,30,1831,,,,82.41665,678.7343165,,0,1,0,,0
1,30,1832,,,,82.20833333,662.6696134,,0,1,0,,0
2,30,1832,,,,82.375,662.6696134,,0,1,0,,0
3,30,1832,,,,83.2,668.4300207,,0,1,0,,0
4,30,1832,,,,84.34375,682.4600313,,0,1,0,,0
5,30,1832,,,,84.5,688.4728963,,0,1,0,,0
6,30,1832,,,,83.859,681.4578854,,0,1,0,,0
7,30,1832,,,,83.21875,668.4300207,,0,1,0,,0
8,30,1832,,,,83.925,675.445021,,0,1,0,,0
9,30,1832,,,,84.4375,673.4407352,,0,1,0,,0
10,30,1832,,,,84.09375,674.4428926,,0,1,0,,0
11,30,1832,,,,83.575,665.4235947,,0,1,0,,0
12,30,1832,,,,85.006,689.4750425,,0,1,0,,0
1,30,1833,,,,86.4375,707.5136409,,0,1,0,,0
2,30,1833,,,,87.6875,702.5029064,,0,1,0,,0
3,30,1833,,,,87.725,697.1426519,,0,1,0,,0
4,30,1833,,,,87.59375,700.138955,,0,1,0,,0
5,30,1833,,,,88.225,713.1230041,,0,1,0,,0
6,30,1833,,,,88.4875,721.1131746,,0,1,0,,0
7,30,1833,,,,88.75,713.1230041,,0,1,0,,0
8,30,1833,,,,88.8,706.1315893,,0,1,0,,0
9,30,1833,,,,88.28125,705.1328282,,0,1,0,,0
10,30,1833,,,,87.28125,699.140198,,0,1,0,,0
11,30,1833,,,,88.0625,707.1303676,,0,1,0,,0
12,30,1833,,,,88.218,720.1144033,,0,1,0,,0
1,30,1834,,,,88.375,710.1266864,,0,1,0,,0
2,30,1834,,,,90.125,727.1057991,,0,1,0,,0
3,30,1834,,,,91.21875,717.6140646,,0,1,0,,0
4,30,1834,,,,90.78125,726.4856784,,0,1,0,,0
5,30,1834,,,,92.475,727.471406,,0,1,0,,0
6,30,1834,,,,91.716,728.4571429,,0,1,0,,0
7,30,1834,,,,90.95833333,716.628324,,0,1,0,,0
8,30,1834,,,,90.3,706.771003,,0,1,0,,0
9,30,1834,,,,90.3125,711.6996686,,0,1,0,,0
10,30,1834,,,,90.875,715.6426033,,0,1,0,,0
11,30,1834,,,,91.40625,718.5997924,,0,1,0,,0
12,30,1834,,,,91.296,725.4999265,,0,1,0,,0
1,30,1835,,,,91.1875,727.471406,,0,1,0,,0
2,30,1835,,,,91.78125,723.52846,,0,1,0,,0
3,30,1835,,,,91.9375,737.3017099,,0,1,0,,0
4,30,1835,,,,92.1875,743.3287165,,0,1,0,,0
5,30,1835,,,,91.8,731.2747268,,0,1,0,,0
6,30,1835,,,,90.993,734.28823,,0,1,0,,0
7,30,1835,,,,90.1875,723.2387487,,0,1,0,,0
8,30,1835,,,,89.90625,719.22075,,0,1,0,,0
9,30,1835,,,,90.65625,729.2657363,,0,1,0,,0
10,30,1835,,,,90.975,735.292726,,0,1,0,,0
11,30,1835,,,,91.46875,734.28823,,0,1,0,,0
12,30,1835,,,,91.249,741.3197147,,0,1,0,,0
1,30,1836,,,,91.03125,732.2792191,,0,1,0,,0
2,30,1836,,,,91.28125,736.2972081,,0,1,0,,0
3,30,1836,,,,91.575,737.3416831,,0,1,0,,0
4,30,1836,,,,91.78125,740.3676942,,0,1,0,,0
5,30,1836,,,,91.875,739.3590153,,0,1,0,,0
6,30,1836,,,,91.5,744.4024074,,0,1,0,,0
7,30,1836,,,,91.125,733.3069661,,0,1,0,,0
8,30,1836,,,,91.09375,738.3503562,,0,1,0,,0
9,30,1836,,,,89.875,722.2115468,,0,1,0,,0
10,30,1836,,,,88.625,716.1594911,,0,1,0,,0
11,30,1836,,,,87.65625,708.0900943,,0,1,0,,0
12,30,1836,,,,88.578,722.2115468,,0,1,0,,0
1,30,1837,,,,89.5,722.2115468,,0,1,0,,0
2,30,1837,,,,89.9375,724.2288925,,0,1,0,,0
3,30,1837,,,,90.05,728.898271,,0,1,0,,0
4,30,1837,,,,90.5625,730.9173807,,0,1,0,,0
5,30,1837,,,,91.03125,733.95,,0,1,0,,0
6,30,1837,,,,91.078,744.0415926,,0,1,0,,0
7,30,1837,,,,91.125,737.9842632,,0,1,0,,0
8,30,1837,,,,91.75,738.9938154,,0,1,0,,0
9,30,1837,,,,91.75,742.0224781,,0,1,0,,0
10,30,1837,,,,92.5625,751.1084512,,0,1,0,,0
11,30,1837,,,,93.28125,755.1466681,,0,1,0,,0
12,30,1837,,,,93.75,733.95,Canadian Rebellions,1,1,0,,0
1,30,1838,,,,91.45833333,743.0320194,,0,1,0,,0
2,30,1838,,,,92.21875,753.1275658,,0,1,0,,0
3,30,1838,,,,93.125,752.1931442,,0,1,0,,0
4,30,1838,,,,93.53125,755.2180464,,0,1,0,,0
5,30,1838,,,,94,766.3093839,,0,1,0,,0
6,30,1838,,,,95,767.31767,,0,1,0,,0
7,30,1838,,,,93.90625,757.2346622,,0,1,0,,0
8,30,1838,,,,93.975,758.2429514,,0,1,0,,0
9,30,1838,,,,93.96875,756.23,,0,1,0,,0
10,30,1838,,,,93.96875,751.1848502,,0,1,0,,0
11,30,1838,,,,93.925,756.23,,0,1,0,,0
12,30,1838,,,,93.2955,758.2429514,,0,1,0,,0
1,30,1839,,,,92.66666667,746.1433487,,0,1,0,,0
2,30,1839,,,,92.5,750.18,,0,1,0,,0
3,30,1839,,,,92.825,750.9244037,,0,1,0,,0
4,30,1839,,,,92.75,757.0129644,,0,1,0,,0
5,30,1839,,,,93.35,772.2344035,,0,1,0,,0
6,30,1839,,,,93.375,758.0277339,,0,1,0,,0
7,30,1839,,,,92,744.84,,0,1,0,,0
8,30,1839,,,,91.575,737.73,,0,1,0,,0
9,30,1839,,,,90.65625,734.6881966,,0,1,0,,0
10,30,1839,,,,90.525,736.7177213,,0,1,0,,0
11,30,1839,,,,90.5,736.7177213,,0,1,0,,0
12,30,1839,,,,90.828,747.8801165,,0,1,0,,0
1,30,1840,,,,91.15625,741.7915373,,0,1,0,,0
2,30,1840,,,,90.6875,736.7177213,,0,1,0,,0
3,30,1840,,,,90.59375,736.531608,,0,1,0,,0
4,30,1840,,,,90.875,736.531608,,0,1,0,,0
5,30,1840,,,,91.9375,748.7056834,,0,1,0,,0
6,30,1840,,,,91.64,744.6476462,,0,1,0,,0
7,30,1840,,,,91.34375,726.3865409,,0,1,0,,0
8,30,1840,,,,90.0625,728.42,,0,1,0,,0
9,30,1840,,,,88.1875,718.2704904,,0,1,0,,0
10,30,1840,,,,87.3,712.18,,0,1,0,,0
11,30,1840,,,,89.40625,734.502596,,0,1,0,,0
12,30,1840,,,,89.578,720.3,,0,1,0,,0
1,30,1841,,,,89.75,727.4010532,,0,1,0,,0
2,30,1841,,,,88.5625,718.2704904,,0,1,0,,0
3,30,1841,,,,88.28125,726.0714969,,0,1,0,,0
4,30,1841,,,,90.125,736.2834727,,0,1,0,,0
5,30,1841,,,,89.8125,735.262277,,0,1,0,,0
6,30,1841,,,,89.7185,734.2410724,,0,1,0,,0
7,30,1841,,,,89.625,734.2410724,,0,1,0,,0
8,30,1841,,,,89.46875,733.219871,,0,1,0,,0
9,30,1841,,,,89.53125,726.0714969,,0,1,0,,0
10,30,1841,,,,88.425,713.817119,,0,1,0,,0
11,30,1841,,,,88.96875,725.0502915,,0,1,0,,0
12,30,1841,,,,89.062,730.1562722,,0,1,0,,0
1,30,1842,,,,89.15625,726.0714969,,0,1,0,,0
2,30,1842,,,,89.28125,728.1138877,,0,1,0,,0
3,30,1842,,,,89.28125,734.7087783,,0,1,0,,0
4,30,1842,,,,91.275,755.1457479,,0,1,0,,0
5,30,1842,,,,92.5,757.1894352,,0,1,0,,0
6,30,1842,,,,91.687,744.927252,,0,1,0,,0
7,30,1842,,,,90.875,745.9491144,,0,1,0,,0
8,30,1842,,,,91.90625,760.2549688,,0,1,0,,0
9,30,1842,,,,92.75,753.1020545,,0,1,0,,0
10,30,1842,,,,93.5,765.3642119,,0,1,0,,0
11,30,1842,,,,94.25,768.4297557,,0,1,0,,0
12,30,1842,,,,94.375,775.5827104,,0,1,0,,0
1,30,1843,,,,94.5,769.4516121,,0,1,0,,0
2,30,1843,,,,95.125,782.7356305,,0,1,0,,0
3,30,1843,,,,96.6,790.0131299,,0,1,0,,0
4,30,1843,,,,96.75,786.95,,0,1,0,,0
5,30,1843,,,,96.03125,769.6,,0,1,0,,0
6,30,1843,,,,94.968,765.52,,0,1,0,,0
7,30,1843,,,,93.90625,766.5372926,,0,1,0,,0
8,30,1843,,,,94.21875,774.7028083,,0,1,0,,0
9,30,1843,,,,95.025,775.7234974,,0,1,0,,0
10,30,1843,,,,95.1875,779.8062327,,0,1,0,,0
11,30,1843,,,,96.03125,782.8683138,,0,1,0,,0
12,30,1843,,,,96.625,788.9924544,,0,1,0,,0
1,30,1844,,,,96.95833333,792.0545104,,0,1,0,,0
2,30,1844,,,,97.3125,798.1786441,,0,1,0,,0
3,30,1844,,,,98.3,783.8697765,,0,1,0,,0
4,30,1844,,,,99.84375,790.8066744,,0,1,0,,0
5,30,1844,,,,99.475,789.8157016,,0,1,0,,0
6,30,1844,,,,99.383,789.8157016,,0,1,0,,0
7,30,1844,,,,99.29166667,790.8066744,,0,1,0,,0
8,30,1844,,,,98.9,783.8697765,,0,1,0,,0
9,30,1844,,,,99.65625,792.7886468,,0,1,0,,0
10,30,1844,,,,100.3,792.7886468,,0,1,0,,0
11,30,1844,,,,100.53125,799.7255462,,0,1,0,,0